CrossName,Female,Male,Generation,Cross,Replicate,DateStarted,DateEclosed,Gender,WT,Ser/Sb,Tm6B,Tm6B+Ser/Sb,Notes
A1,24B-Gal4/Tm3-sb,31314/Tm6B,1,A,1,5/20/2013,5/30/2013,Female,0,3,1,1,
A1,24B-Gal4/Tm3-sb,31314/Tm6B,1,A,1,5/20/2013,5/30/2013,Male,3,0,1,1,all sb had white eyes
A1,24B-Gal4/Tm3-sb,31314/Tm6B,1,A,1,5/20/2013,6/4/2013,Female,5,6,3,1,
A1,24B-Gal4/Tm3-sb,31314/Tm6B,1,A,1,5/20/2013,6/4/2013,Male,4,0,3,2,
A2,24B-Gal4/Tm3-sb,31314/Tm6B,2,A,1,5/24/2013,6/3/2013,Female,3,1,1,0,
A2,24B-Gal4/Tm3-sb,31314/Tm6B,2,A,1,5/24/2013,6/3/2013,Male,0,0,0,0,
A2,24B-Gal4/Tm3-sb,31314/Tm6B,2,A,1,5/24/2013,6/4/2013,Female,2,3,9,0,
A2,24B-Gal4/Tm3-sb,31314/Tm6B,2,A,1,5/24/2013,6/4/2013,Male,7,2,3,0,
B1,24B-Gal4/Tm3-ser,34814/Tm6B,1,B,1,5/20/2013,5/30/2013,Female,0,0,2,0,
B1,24B-Gal4/Tm3-ser,34814/Tm6B,1,B,1,5/20/2013,5/30/2013,Male,2,4,5,1,all ser had white eyes
B1,24B-Gal4/Tm3-ser,34814/Tm6B,1,B,1,5/20/2013,6/2/3013,Female,3,1,2,3,
B1,24B-Gal4/Tm3-ser,34814/Tm6B,1,B,1,5/20/2013,6/2/3013,Male,0,3,1,2,
C1,24B-Gal4/Tm3-sb,31528/Tm6B,1,C,1,5/22/2013,6/2/2013,Female,0,6,2,3,
C1,24B-Gal4/Tm3-sb,31528/Tm6B,1,C,1,5/22/2013,6/2/2013,Male,0,3,2,1,all sb had white eyes
C1,24B-Gal4/Tm3-sb,31528/Tm6B,1,C,1,5/22/2013,6/5/2013,Female,0,0,2,0,
C1,24B-Gal4/Tm3-sb,31528/Tm6B,1,C,1,5/22/2013,6/5/2013,Male,0,5,7,0,
D1,24B-Gal4/Tm3-sb,31039/Tm6B,1,D,1,5/23/2013,6/3/2013,Female,1,2,2,0,
D1,24B-Gal4/Tm3-sb,31039/Tm6B,1,D,1,5/23/2013,6/3/2013,Male,1,0,0,0,
D1,24B-Gal4/Tm3-sb,31039/Tm6B,1,D,1,5/23/2013,6/6/2013,Female,6,2,3,0,
D1,24B-Gal4/Tm3-sb,31039/Tm6B,1,D,1,5/23/2013,6/6/2013,Male,5,4,2,0,
E1,24B-Gal4/Tm3-ser,31529/Tm6B,1,E,1,5/24/2013,6/3/2013,Female,0,4,0,0,
E1,24B-Gal4/Tm3-ser,31529/Tm6B,1,E,1,5/24/2013,6/3/2013,Male,0,1,0,0,
E1,24B-Gal4/Tm3-ser,31529/Tm6B,1,E,1,5/24/2013,6/5/2013,Female,0,1,5,6,
E1,24B-Gal4/Tm3-ser,31529/Tm6B,1,E,1,5/24/2013,6/5/2013,Male,0,8,5,3,
A2,24B-Gal4/Tm3-sb,31314/Tm6B,2,A,1,5/24/2013,6/6/2013,Female,7,4,3,0,
A2,24B-Gal4/Tm3-sb,31314/Tm6B,2,A,1,5/24/2013,6/6/2013,Male,8,3,4,0,
B2,24B-Gal4/Tm3-ser,34814/Tm6B,2,B,1,5/24/2013,6/5/2013,Female,0,4,6,3,
B2,24B-Gal4/Tm3-ser,34814/Tm6B,2,B,1,5/24/2013,6/5/2013,Male,0,3,4,1,
F1,24B-Gal4/Tm3-ser,35144/Tm6B,1,F,1,5/27/2013,6/6/2013,Female,7,8,5,3,
F1,24B-Gal4/Tm3-ser,35144/Tm6B,1,F,1,5/27/2013,6/6/2013,Male,6,5,6,1,
A3,24B-Gal4/Tm3-sb,31314/Tm6B,3,A,1,5/29/2013,6/9/2013,Female,9,5,2,1,
A3,24B-Gal4/Tm3-sb,31314/Tm6B,3,A,1,5/29/2013,6/9/2013,Male,7,8,4,2,
B3,24B-Gal4/Tm3-ser,34814/Tm6B,3,B,1,5/29/2013,6/9/2013,Female,0,7,4,1,
B3,24B-Gal4/Tm3-ser,34814/Tm6B,3,B,1,5/29/2013,6/9/2013,Male,0,3,6,2,
C1,24B-Gal4/Tm3-sb,31528/Tm6B,1,C,1,5/22/2013,6/7/2013,Female,0,9,1,1,
C1,24B-Gal4/Tm3-sb,31528/Tm6B,1,C,1,5/22/2013,6/7/2013,Male,0,2,4,1,
C2,24B-Gal4/Tm3-sb,31528/Tm6B,2,C,1,5/27/2013,6/9/2013,Female,0,7,6,7,
C2,24B-Gal4/Tm3-sb,31528/Tm6B,2,C,1,5/27/2013,6/9/2013,Male,0,11,7,2,
D1,24B-Gal4/Tm3-sb,31039/Tm6B,1,D,1,5/23/2013,6/7/2013,Female,1,3,3,0,
D1,24B-Gal4/Tm3-sb,31039/Tm6B,1,D,1,5/23/2013,6/7/2013,Male,0,2,2,1,
D2,24B-Gal4/Tm3-sb,31039/Tm6B,2,D,1,5/28/2013,6/8/2013,Female,15,9,4,2,
D2,24B-Gal4/Tm3-sb,31039/Tm6B,2,D,1,5/28/2013,6/8/2013,Male,12,6,3,0,
E1,24B-Gal4/Tm3-ser,31529/Tm6B,1,E,1,5/24/2013,6/6/2013,Female,0,3,3,2,
E1,24B-Gal4/Tm3-ser,31529/Tm6B,1,E,1,5/24/2013,6/6/2013,Male,0,4,1,2,
E2,24B-Gal4/Tm3-ser,31529/Tm6B,2,E,1,5/29/2013,6/9/2013,Female,0,2,12,2,
E2,24B-Gal4/Tm3-ser,31529/Tm6B,2,E,1,5/29/2013,6/9/2013,Male,0,0,2,0,
F1,24B-Gal4/Tm3-ser,35144/Tm6B,1,F,1,5/27/2013,6/9/2013,Female,6,7,2,4,
F1,24B-Gal4/Tm3-ser,35144/Tm6B,1,F,1,5/27/2013,6/9/2013,Male,4,14,7,9,
G1,24B-Gal4/Tm3-sb,31529/Tm6B,1,G,1,5/28/2013,6/8/2013,Female,0,14,9,0,
G1,24B-Gal4/Tm3-sb,31529/Tm6B,1,G,1,5/28/2013,6/8/2013,Male,0,6,6,3,
H1,24B-Gal4/Tm3-sb,34814/Tm6B,1,H,1,5/28/2013,6/8/2013,Female,0,5,6,1,
H1,24B-Gal4/Tm3-sb,34814/Tm6B,1,H,1,5/28/2013,6/8/2013,Male,0,5,8,0,
J1,24B-Gal4/Tm3-ser,31039/Tm6B,1,J,1,5/29/2013,6/9/2013,Female,6,3,2,3,
J1,24B-Gal4/Tm3-ser,31039/Tm6B,1,J,1,5/29/2013,6/9/2013,Male,6,6,5,1,
K1,24B-Gal4/Tm3-ser,31528/Tm6B,1,K,1,5/29/2013,6/8/2013,Female,0,5,2,5,
K1,24B-Gal4/Tm3-ser,31528/Tm6B,1,K,1,5/29/2013,6/8/2013,Male,0,8,6,3,
L1,24B-Gal4/Tm3-ser,31314/Tm6B,1,L,1,5/29/2013,6/8/2013,Female,6,4,6,3,
L1,24B-Gal4/Tm3-ser,31314/Tm6B,1,L,1,5/29/2013,6/8/2013,Male,10,6,6,4,
M1,Hand-Gal4/Tm3-ser,34814/Tm6B,1,M,1,5/30/2013,6/9/2013,Female,3,6,1,1,
M1,Hand-Gal4/Tm3-ser,34814/Tm6B,1,M,1,5/30/2013,6/9/2013,Male,5,2,1,0,*all males have yellow eyes
C3,24B-Gal4/Tm3-sb,31528/Tm6B,3,C,1,5/31/2013,6/10/2013,Female,0,5,3,0,
C3,24B-Gal4/Tm3-sb,31528/Tm6B,3,C,1,5/31/2013,6/10/2013,Male,0,7,2,1,
BB1,24B-Gal4/Tm3-ser,34814/Tm6B,1,B,2,5/30/2013,6/9/2013,Female,1,0,9,4,
BB1,24B-Gal4/Tm3-ser,34814/Tm6B,1,B,2,5/30/2013,6/9/2013,Male,0,3,5,2,
GG1,24B-Gal4/Tm3-sb,31529/Tm6B,1,G,2,5/30/2013,6/9/2013,Female,0,2,7,0,
GG1,24B-Gal4/Tm3-sb,31529/Tm6B,1,G,2,5/30/2013,6/9/2013,Male,0,3,7,0,
FF1,24B-Gal4/Tm3-ser,35144/Tm6B,1,F,2,5/30/2013,6/9/2013,Female,5,5,4,0,
FF1,24B-Gal4/Tm3-ser,35144/Tm6B,1,F,2,5/30/2013,6/9/2013,Male,2,2,5,2,
FFF1,24B-Gal4/Tm3-ser,35144/Tm6B,1,F,3,5/30/2013,6/10/2013,Female,6,5,1,1,
FFF1,24B-Gal4/Tm3-ser,35144/Tm6B,1,F,3,5/30/2013,6/10/2013,Male,4,8,4,7,
JJ1,24B-Gal4/Tm3-ser,31039/Tm6B,1,J,2,5/31/2013,6/11/2013,Female,10,4,3,4,
JJ1,24B-Gal4/Tm3-ser,31039/Tm6B,1,J,2,5/31/2013,6/11/2013,Male,3,7,2,2,
A3,24B-Gal4/Tm3-sb,31314/Tm6B,3,A,1,5/29/2013,6/12/2013,Female,0,3,1,1,
A3,24B-Gal4/Tm3-sb,31314/Tm6B,3,A,1,5/29/2013,6/12/2013,Male,6,4,3,3,
B3,24B-Gal4/Tm3-ser,34814/Tm6B,3,B,1,5/29/2013,6/12/2013,Female,0,4,0,1,
B3,24B-Gal4/Tm3-ser,34814/Tm6B,3,B,1,5/29/2013,6/12/2013,Male,0,2,4,2,
D2,24B-Gal4/Tm3-sb,31039/Tm6B,2,D,1,5/28/2013,6/12/2013,Female,6,2,3,0,
D2,24B-Gal4/Tm3-sb,31039/Tm6B,2,D,1,5/28/2013,6/12/2013,Male,5,2,4,0,
E2,24B-Gal4/Tm3-ser,31529/Tm6B,2,E,1,5/29/2013,6/11/2013,Female,0,4,8,2,
E2,24B-Gal4/Tm3-ser,31529/Tm6B,2,E,1,5/29/2013,6/11/2013,Male,0,4,2,1,
F2,24B-Gal4/Tm3-ser,35144/Tm6B,2,F,1,5/31/2013,6/10/2013,Female,7,6,8,0,
F2,24B-Gal4/Tm3-ser,35144/Tm6B,2,F,1,5/31/2013,6/10/2013,Male,2,0,1,1,
H1,24B-Gal4/Tm3-sb,34814/Tm6B,1,H,1,5/28/2013,6/11/2013,Female,0,4,5,1,
H1,24B-Gal4/Tm3-sb,34814/Tm6B,1,H,1,5/28/2013,6/11/2013,Male,0,6,2,0,
I1,24B-Gal4/Tm3-sb,35144/Tm6B,1,I,1,5/29/2013,6/9/2013,Female,2,2,8,1,
I1,24B-Gal4/Tm3-sb,35144/Tm6B,1,I,1,5/29/2013,6/9/2013,Male,1,2,4,0,
J1,24B-Gal4/Tm3-ser,31039/Tm6B,1,J,1,5/29/2013,6/11/2013,Female,4,4,0,2,
J1,24B-Gal4/Tm3-ser,31039/Tm6B,1,J,1,5/29/2013,6/11/2013,Male,5,3,1,1,
K1,24B-Gal4/Tm3-ser,31528/Tm6B,1,K,1,5/29/2013,6/11/2013,Female,0,1,4,4,
K1,24B-Gal4/Tm3-ser,31528/Tm6B,1,K,1,5/29/2013,6/11/2013,Male,0,6,4,5,
L1,24B-Gal4/Tm3-ser,31314/Tm6B,1,L,1,5/29/2013,6/12/2013,Female,7,5,6,2,
L1,24B-Gal4/Tm3-ser,31314/Tm6B,1,L,1,5/29/2013,6/12/2013,Male,4,4,3,2,
BB1,24B-Gal4/Tm3-ser,34814/Tm6B,1,B,2,5/30/2013,6/12/2013,Female,0,3,4,2,
BB1,24B-Gal4/Tm3-ser,34814/Tm6B,1,B,2,5/30/2013,6/12/2013,Male,0,6,4,2,
FF1,24B-Gal4/Tm3-ser,35144/Tm6B,1,F,2,5/30/2013,6/12/2013,Female,1,5,1,4,
FF1,24B-Gal4/Tm3-ser,35144/Tm6B,1,F,2,5/30/2013,6/12/2013,Male,5,5,2,0,
M1,Hand-Gal4/Tm3-ser,34814/Tm6B,1,M,1,5/30/2013,6/11/2013,Female,5,8,1,3,
M1,Hand-Gal4/Tm3-ser,34814/Tm6B,1,M,1,5/30/2013,6/11/2013,Male,4,5,1,2,
HH1,24B-Gal4/Tm3-sb,34814/Tm6B,1,H,2,5/30/2013,6/10/2013,Female,0,5,7,2,
HH1,24B-Gal4/Tm3-sb,34814/Tm6B,1,H,2,5/30/2013,6/10/2013,Male,0,10,7,3,
HH1,24B-Gal4/Tm3-sb,34814/Tm6B,1,H,2,5/30/2013,6/12/2013,Female,0,4,4,3,
HH1,24B-Gal4/Tm3-sb,34814/Tm6B,1,H,2,5/30/2013,6/12/2013,Male,0,4,3,5,
EE1,24B-Gal4/Tm3-ser,31529/Tm6B,1,E,2,5/31/2013,6/11/2013,Female,0,6,11,5,
EE1,24B-Gal4/Tm3-ser,31529/Tm6B,1,E,2,5/31/2013,6/11/2013,Male,0,5,3,4,
A4,24B-Gal4/Tm3-sb,31314/Tm6B,4,A,1,6/3/2013,6/12/2013,Female,4,0,1,1,
A4,24B-Gal4/Tm3-sb,31314/Tm6B,4,A,1,6/3/2013,6/12/2013,Male,7,3,2,1,
C3,24B-Gal4/Tm3-sb,31528/Tm6B,3,C,1,5/31/2013,6/13/2013,Female,0,1,2,1,*vial looked contaminated
C3,24B-Gal4/Tm3-sb,31528/Tm6B,3,C,1,5/31/2013,6/13/2013,Male,0,2,3,0,
G1,24B-Gal4/Tm3-sb,31529/Tm6B,1,G,1,5/28/2013,6/12/2013,Female,0,4,2,1,
G1,24B-Gal4/Tm3-sb,31529/Tm6B,1,G,1,5/28/2013,6/12/2013,Male,0,2,0,3,
H1,24B-Gal4/Tm3-sb,34814/Tm6B,1,H,1,5/28/2013,6/12/2013,Female,0,2,0,1,
H1,24B-Gal4/Tm3-sb,34814/Tm6B,1,H,1,5/28/2013,6/12/2013,Male,0,3,2,0,
I1,24B-Gal4/Tm3-sb,35144/Tm6B,1,I,1,5/29/2013,6/13/2013,Female,1,5,5,1,
I1,24B-Gal4/Tm3-sb,35144/Tm6B,1,I,1,5/29/2013,6/13/2013,Male,2,4,2,1,
J1,24B-Gal4/Tm3-ser,31039/Tm6B,1,J,1,5/29/2013,6/14/2013,Female,4,1,3,3,
J1,24B-Gal4/Tm3-ser,31039/Tm6B,1,J,1,5/29/2013,6/14/2013,Male,2,1,2,2,
J2,24B-Gal4/Tm3-ser,31039/Tm6B,2,J,1,6/3/2013,6/13/2013,Female,7,3,8,1,
J2,24B-Gal4/Tm3-ser,31039/Tm6B,2,J,1,6/3/2013,6/13/2013,Male,1,1,2,0,
FFF1,24B-Gal4/Tm3-ser,35144/Tm6B,1,F,3,5/30/2013,6/12/2013,Female,3,5,2,3,
FFF1,24B-Gal4/Tm3-ser,35144/Tm6B,1,F,3,5/30/2013,6/12/2013,Male,5,2,2,1,
JJ1,24B-Gal4/Tm3-ser,31039/Tm6B,1,J,2,5/31/2013,6/13/2013,Female,3,4,4,1,
JJ1,24B-Gal4/Tm3-ser,31039/Tm6B,1,J,2,5/31/2013,6/13/2013,Male,5,5,4,1,
A4,24B-Gal4/Tm3-sb,31314/Tm6B,4,A,1,6/3/2013,6/15/2013,Female,5,5,2,1,
A4,24B-Gal4/Tm3-sb,31314/Tm6B,4,A,1,6/3/2013,6/15/2013,Male,3,7,2,3,
B4,24B-Gal4/Tm3-ser,34814/Tm6B,4,B,1,6/3/2013,6/14/2013,Female,0,5,0,0,
B4,24B-Gal4/Tm3-ser,34814/Tm6B,4,B,1,6/3/2013,6/14/2013,Male,0,3,3,0,
D3,24B-Gal4/Tm3-sb,31039/Tm6B,3,D,1,6/3/2013,6/13/2013,Female,4,3,2,0,
D3,24B-Gal4/Tm3-sb,31039/Tm6B,3,D,1,6/3/2013,6/13/2013,Male,3,4,0,0,
D3,24B-Gal4/Tm3-sb,31039/Tm6B,3,D,1,6/3/2013,6/16/2013,Female,3,1,2,1,
D3,24B-Gal4/Tm3-sb,31039/Tm6B,3,D,1,6/3/2013,6/16/2013,Male,2,3,2,0,
E3,24B-Gal4/Tm3-ser,31529/Tm6B,3,E,1,6/3/2013,6/13/2013,Female,0,8,2,1,
E3,24B-Gal4/Tm3-ser,31529/Tm6B,3,E,1,6/3/2013,6/13/2013,Male,0,6,3,2,
F2,24B-Gal4/Tm3-ser,35144/Tm6B,2,F,1,5/31/2013,6/13/2013,Female,4,2,0,4,
F2,24B-Gal4/Tm3-ser,35144/Tm6B,2,F,1,5/31/2013,6/13/2013,Male,4,7,3,1,
F3,24B-Gal4/Tm3-ser,35144/Tm6B,3,F,1,6/5/2013,6/15/2013,Female,10,8,9,6,
F3,24B-Gal4/Tm3-ser,35144/Tm6B,3,F,1,6/5/2013,6/15/2013,Male,6,6,5,2,
G2,24B-Gal4/Tm3-sb,31529/Tm6B,2,G,1,6/3/2013,6/15/2013,Female,0,10,4,1,
G2,24B-Gal4/Tm3-sb,31529/Tm6B,2,G,1,6/3/2013,6/15/2013,Male,0,13,5,3,
H2,24B-Gal4/Tm3-sb,34814/Tm6B,2,H,1,6/3/2013,6/13/2013,Female,0,3,5,4,
H2,24B-Gal4/Tm3-sb,34814/Tm6B,2,H,1,6/3/2013,6/13/2013,Male,0,5,3,2,
H2,24B-Gal4/Tm3-sb,34814/Tm6B,2,H,1,6/3/2013,6/16/2013,Female,0,9,3,2,
H2,24B-Gal4/Tm3-sb,34814/Tm6B,2,H,1,6/3/2013,6/16/2013,Male,0,3,7,3,
I2,24B-Gal4/Tm3-sb,35144/Tm6B,2,I,1,6/3/2013,6/15/2013,Female,4,4,4,1,
I2,24B-Gal4/Tm3-sb,35144/Tm6B,2,I,1,6/3/2013,6/15/2013,Male,4,3,3,1,
J2,24B-Gal4/Tm3-ser,31039/Tm6B,2,J,1,6/3/2013,6/16/2013,Female,5,9,8,9,
J2,24B-Gal4/Tm3-ser,31039/Tm6B,2,J,1,6/3/2013,6/16/2013,Male,9,10,11,6,
K1,24B-Gal4/Tm3-ser,31528/Tm6B,1,K,1,5/29/2013,6/13/2013,Female,0,5,4,2,
K1,24B-Gal4/Tm3-ser,31528/Tm6B,1,K,1,5/29/2013,6/13/2013,Male,0,0,0,0,
K2,24B-Gal4/Tm3-ser,31528/Tm6B,2,K,1,6/3/2013,6/13/2013,Female,0,10,7,5,
K2,24B-Gal4/Tm3-ser,31528/Tm6B,2,K,1,6/3/2013,6/13/2013,Male,0,2,3,0,
K2,24B-Gal4/Tm3-ser,31528/Tm6B,2,K,1,6/3/2013,6/16/2013,Female,1,6,3,6,
K2,24B-Gal4/Tm3-ser,31528/Tm6B,2,K,1,6/3/2013,6/16/2013,Male,0,3,3,1,
L2,24B-Gal4/Tm3-ser,31314/Tm6B,2,L,1,6/3/2013,6/14/2013,Female,6,7,1,1,
L2,24B-Gal4/Tm3-ser,31314/Tm6B,2,L,1,6/3/2013,6/14/2013,Male,6,0,2,1,
L2,24B-Gal4/Tm3-ser,31314/Tm6B,2,L,1,6/3/2013,6/16/2013,Female,2,3,7,4,
L2,24B-Gal4/Tm3-ser,31314/Tm6B,2,L,1,6/3/2013,6/16/2013,Male,5,3,6,1,
BB2,24B-Gal4/Tm3-ser,34814/Tm6B,2,B,2,6/4/2013,6/16/2013,Female,1,6,15,5,
BB2,24B-Gal4/Tm3-ser,34814/Tm6B,2,B,2,6/4/2013,6/16/2013,Male,0,2,1,1,
GG1,24B-Gal4/Tm3-sb,31529/Tm6B,1,G,2,5/30/2013,6/13/2013,Female,0,6,1,0,
GG1,24B-Gal4/Tm3-sb,31529/Tm6B,1,G,2,5/30/2013,6/13/2013,Male,0,5,4,0,
GG2,24B-Gal4/Tm3-sb,31529/Tm6B,2,G,2,6/4/2013,6/16/2013,Female,0,8,6,3,
GG2,24B-Gal4/Tm3-sb,31529/Tm6B,2,G,2,6/4/2013,6/16/2013,Male,0,4,1,0,
FF2,24B-Gal4/Tm3-ser,35144/Tm6B,2,F,2,6/4/2013,6/16/2013,Female,7,10,5,5,
FF2,24B-Gal4/Tm3-ser,35144/Tm6B,2,F,2,6/4/2013,6/16/2013,Male,2,3,0,2,
M1,Hand-Gal4/Tm3-ser,34814/Tm6B,1,M,1,5/30/2013,6/13/2013,Female,6,4,6,0,
M1,Hand-Gal4/Tm3-ser,34814/Tm6B,1,M,1,5/30/2013,6/13/2013,Male,4,5,5,5,
HH1,24B-Gal4/Tm3-sb,34814/Tm6B,1,H,2,5/30/2013,6/13/2013,Female,0,6,1,3,
HH1,24B-Gal4/Tm3-sb,34814/Tm6B,1,H,2,5/30/2013,6/13/2013,Male,0,7,3,3,
HH2,24B-Gal4/Tm3-sb,34814/Tm6B,2,H,2,6/4/2013,6/16/2013,Female,0,11,7,3,
HH2,24B-Gal4/Tm3-sb,34814/Tm6B,2,H,2,6/4/2013,6/16/2013,Male,0,4,4,1,
FFF1,24B-Gal4/Tm3-ser,35144/Tm6B,1,F,3,5/30/2013,6/15/2013,Female,9,9,6,4,
FFF1,24B-Gal4/Tm3-ser,35144/Tm6B,1,F,3,5/30/2013,6/15/2013,Male,3,5,5,4,
FFF2,24B-Gal4/Tm3-ser,35144/Tm6B,2,F,3,6/5/2013,6/16/2013,Female,8,10,6,2,
FFF2,24B-Gal4/Tm3-ser,35144/Tm6B,2,F,3,6/5/2013,6/16/2013,Male,0,2,2,0,
EE1,24B-Gal4/Tm3-ser,31529/Tm6B,1,E,2,5/31/2013,6/13/2013,Female,0,4,3,2,
EE1,24B-Gal4/Tm3-ser,31529/Tm6B,1,E,2,5/31/2013,6/13/2013,Male,0,2,3,1,
EE1,24B-Gal4/Tm3-ser,31529/Tm6B,1,E,2,5/31/2013,6/16/2013,Female,0,6,8,4,
EE1,24B-Gal4/Tm3-ser,31529/Tm6B,1,E,2,5/31/2013,6/16/2013,Male,0,4,5,4,
JJ1,24B-Gal4/Tm3-ser,31039/Tm6B,1,J,2,5/31/2013,6/16/2013,Female,3,6,4,4,
JJ1,24B-Gal4/Tm3-ser,31039/Tm6B,1,J,2,5/31/2013,6/16/2013,Male,3,8,3,2,
JJ2,24B-Gal4/Tm3-ser,31039/Tm6B,2,J,2,6/6/2013,6/16/2013,Female,6,3,3,1,
JJ2,24B-Gal4/Tm3-ser,31039/Tm6B,2,J,2,6/6/2013,6/16/2013,Male,0,0,0,0,
N1,Hand-Gal4/Tm3-ser,31039/Tm6B,1,N,1,6/3/2013,6/14/2013,Female,11,15,14,6,
N1,Hand-Gal4/Tm3-ser,31039/Tm6B,1,N,1,6/3/2013,6/14/2013,Male,7,14,8,2,
BBB1,24B-Gal4/Tm3-ser,34814/Tm6B,1,B,3,6/3/2013,6/13/2013,Female,0,3,4,1,
BBB1,24B-Gal4/Tm3-ser,34814/Tm6B,1,B,3,6/3/2013,6/13/2013,Male,0,3,0,2,
BBB1,24B-Gal4/Tm3-ser,34814/Tm6B,1,B,3,6/3/2013,6/16/2013,Female,0,6,3,5,
BBB1,24B-Gal4/Tm3-ser,34814/Tm6B,1,B,3,6/3/2013,6/16/2013,Male,0,8,5,8,
II1,24B-Gal4/Tm3-sb,35144/Tm6B,1,I,2,6/3/2013,6/15/2013,Female,14,22,14,12,
II1,24B-Gal4/Tm3-sb,35144/Tm6B,1,I,2,6/3/2013,6/15/2013,Male,22,13,8,2,
DD1,24B-Gal4/Tm3-sb,31039/Tm6B,1,D,2,6/6/2013,6/16/2013,Female,11,8,3,0,
DD1,24B-Gal4/Tm3-sb,31039/Tm6B,1,D,2,6/6/2013,6/16/2013,Male,8,4,1,0,
M2,Hand-Gal4/Tm3-ser,34814/Tm6B,2,M,1,6/4/2013,6/16/2013,Female,7,7,2,5,
M2,Hand-Gal4/Tm3-ser,34814/Tm6B,2,M,1,6/4/2013,6/16/2013,Male,3,3,0,1,
N1,Hand-Gal4/Tm3-ser,31039/Tm6B,1,N,1,6/3/2013,6/18/2013,Female,1,1,2,3,
N1,Hand-Gal4/Tm3-ser,31039/Tm6B,1,N,1,6/3/2013,6/18/2013,Male,8,5,2,4,
N2,Hand-Gal4/Tm3-ser,31039/Tm6B,2,N,1,6/7/2013,6/18/2013,Female,11,8,3,1,
N2,Hand-Gal4/Tm3-ser,31039/Tm6B,2,N,1,6/7/2013,6/18/2013,Male,2,3,0,0,
O1,Hand-Gal4/Tm3-ser,31528/Tm6B,1,O,1,6/5/2013,6/17/2013,Female,2,4,4,1,
O1,Hand-Gal4/Tm3-ser,31528/Tm6B,1,O,1,6/5/2013,6/17/2013,Male,4,4,4,0,
O1,Hand-Gal4/Tm3-ser,31528/Tm6B,1,O,1,6/5/2013,6/18/2013,Female,2,4,3,5,
O1,Hand-Gal4/Tm3-ser,31528/Tm6B,1,O,1,6/5/2013,6/18/2013,Male,5,3,4,0,
P1,Hand-Gal4/Tm3-ser,35144/Tm6B,1,P,1,6/10/2013,6/19/2013,Female,6,1,6,1,
P1,Hand-Gal4/Tm3-ser,35144/Tm6B,1,P,1,6/10/2013,6/19/2013,Male,3,1,1,1,
O1,Hand-Gal4/Tm3-ser,31528/Tm6B,1,O,1,6/5/2013,6/20/2013,Female,5,4,2,5,
O1,Hand-Gal4/Tm3-ser,31528/Tm6B,1,O,1,6/5/2013,6/20/2013,Male,3,9,6,2,
M3,Hand-Gal4/Tm3-ser,34814/Tm6B,3,M,1,6/10/2013,6/21/2013,Female,3,8,1,3,
M3,Hand-Gal4/Tm3-ser,34814/Tm6B,3,M,1,6/10/2013,6/21/2013,Male,0,2,0,1,
M3,Hand-Gal4/Tm3-ser,34814/Tm6B,3,M,1,6/10/2013,6/23/2013,Female,4,2,8,6,
M3,Hand-Gal4/Tm3-ser,34814/Tm6B,3,M,1,6/10/2013,6/23/2013,Male,1,4,1,3,
N2,Hand-Gal4/Tm3-ser,31039/Tm6B,2,N,1,6/7/2013,6/20/2013,Female,3,0,0,0,
N2,Hand-Gal4/Tm3-ser,31039/Tm6B,2,N,1,6/7/2013,6/20/2013,Male,4,3,0,0,
O2,Hand-Gal4/Tm3-ser,31528/Tm6B,2,O,1,6/10/2013,6/22/2013,Female,4,7,8,2,
O2,Hand-Gal4/Tm3-ser,31528/Tm6B,2,O,1,6/10/2013,6/22/2013,Male,3,6,3,0,
P1,Hand-Gal4/Tm3-ser,35144/Tm6B,1,P,1,6/10/2013,6/20/2013,Female,11,4,7,1,
P1,Hand-Gal4/Tm3-ser,35144/Tm6B,1,P,1,6/10/2013,6/20/2013,Male,11,5,2,0,
P1,Hand-Gal4/Tm3-ser,35144/Tm6B,1,P,1,6/10/2013,6/23/2013,Female,0,8,3,0,
P1,Hand-Gal4/Tm3-ser,35144/Tm6B,1,P,1,6/10/2013,6/23/2013,Male,2,7,5,6,
Q1,Hand-Gal4/Tm3-ser,31529/Tm6B,1,Q,1,6/11/2013,6/23/2013,Female,4,4,2,0,
Q1,Hand-Gal4/Tm3-ser,31529/Tm6B,1,Q,1,6/11/2013,6/23/2013,Male,7,2,5,0,
M3,Hand-Gal4/Tm3-ser,34814/Tm6B,3,M,1,6/10/2013,6/25/2013,Female,2,3,2,1,
M3,Hand-Gal4/Tm3-ser,34814/Tm6B,3,M,1,6/10/2013,6/25/2013,Male,1,3,2,1,
M4,Hand-Gal4/Tm3-ser,34814/Tm6B,4,M,1,6/14/2013,6/25/2013,Female,9,7,2,4,
M4,Hand-Gal4/Tm3-ser,34814/Tm6B,4,M,1,6/14/2013,6/25/2013,Male,3,4,0,1,
N3,Hand-Gal4/Tm3-ser,31039/Tm6B,3,N,1,6/12/2013,6/23/2013,Female,6,6,3,1,
N3,Hand-Gal4/Tm3-ser,31039/Tm6B,3,N,1,6/12/2013,6/23/2013,Male,2,5,0,0,
P2,Hand-Gal4/Tm3-ser,35144/Tm6B,2,P,1,6/14/2013,6/24/2013,Female,15,3,12,1,
P2,Hand-Gal4/Tm3-ser,35144/Tm6B,2,P,1,6/14/2013,6/24/2013,Male,10,0,3,0,
P2,Hand-Gal4/Tm3-ser,35144/Tm6B,2,P,1,6/14/2013,6/25/2013,Female,3,3,0,1,
P2,Hand-Gal4/Tm3-ser,35144/Tm6B,2,P,1,6/14/2013,6/25/2013,Male,1,6,9,0,
Q1,Hand-Gal4/Tm3-ser,31529/Tm6B,1,Q,1,6/11/2013,6/25/2013,Female,4,3,4,4,
Q1,Hand-Gal4/Tm3-ser,31529/Tm6B,1,Q,1,6/11/2013,6/25/2013,Male,4,2,7,2,
R1,Hand-Gal4/Tm3-ser,31314/Tm6B,1,R,1,6/12/2013,6/24/2013,Female,4,3,3,2,
R1,Hand-Gal4/Tm3-ser,31314/Tm6B,1,R,1,6/12/2013,6/24/2013,Male,5,7,4,3,
MM1,Hand-Gal4/Tm3-ser,34814/Tm6B,1,M,2,6/14/2013,6/25/2013,Female,2,5,4,4,
MM1,Hand-Gal4/Tm3-ser,34814/Tm6B,1,M,2,6/14/2013,6/25/2013,Male,6,3,5,2,
N3,Hand-Gal4/Tm3-ser,31039/Tm6B,3,N,1,6/12/2013,6/25/2013,Female,4,5,5,1,
N3,Hand-Gal4/Tm3-ser,31039/Tm6B,3,N,1,6/12/2013,6/25/2013,Male,3,7,4,1,
O2,Hand-Gal4/Tm3-ser,31528/Tm6B,2,O,1,6/10/2013,6/25/2013,Female,2,1,4,1,
O2,Hand-Gal4/Tm3-ser,31528/Tm6B,2,O,1,6/10/2013,6/25/2013,Male,2,12,1,3,
O3,Hand-Gal4/Tm3-ser,31528/Tm6B,3,O,1,6/14/2013,6/26/2013,Female,5,5,4,5,
O3,Hand-Gal4/Tm3-ser,31528/Tm6B,3,O,1,6/14/2013,6/26/2013,Male,0,4,0,2,
R1,Hand-Gal4/Tm3-ser,31314/Tm6B,1,R,1,6/12/2013,6/26/2013,Female,9,5,6,1,
R1,Hand-Gal4/Tm3-ser,31314/Tm6B,1,R,1,6/12/2013,6/26/2013,Male,11,6,5,3,
M4,Hand-Gal4/Tm3-ser,34814/Tm6B,4,M,1,6/14/2013,6/27/2013,Female,3,1,3,3,
M4,Hand-Gal4/Tm3-ser,34814/Tm6B,4,M,1,6/14/2013,6/27/2013,Male,6,3,5,6,
M5,Hand-Gal4/Tm3-ser,34814/Tm6B,5,M,1,6/19/2013,6/30/2013,Female,5,1,8,6,
M5,Hand-Gal4/Tm3-ser,34814/Tm6B,5,M,1,6/19/2013,6/30/2013,Male,5,7,0,5,
MM1,Hand-Gal4/Tm3-ser,34814/Tm6B,1,M,2,6/14/2013,6/27/2013,Female,7,1,3,2,
MM1,Hand-Gal4/Tm3-ser,34814/Tm6B,1,M,2,6/14/2013,6/27/2013,Male,4,2,5,2,
MM1,Hand-Gal4/Tm3-ser,34814/Tm6B,1,M,2,6/14/2013,6/30/2013,Female,0,3,2,0,
MM1,Hand-Gal4/Tm3-ser,34814/Tm6B,1,M,2,6/14/2013,6/30/2013,Male,2,4,4,3,
N4,Hand-Gal4/Tm3-ser,31039/Tm6B,4,N,1,6/17/2013,6/27/2013,Female,4,9,3,0,
N4,Hand-Gal4/Tm3-ser,31039/Tm6B,4,N,1,6/17/2013,6/27/2013,Male,9,3,0,0,
N4,Hand-Gal4/Tm3-ser,31039/Tm6B,4,N,1,6/17/2013,6/30/2013,Female,8,5,9,2,
N4,Hand-Gal4/Tm3-ser,31039/Tm6B,4,N,1,6/17/2013,6/30/2013,Male,6,2,7,5,
NN1,Hand-Gal4/Tm3-ser,31039/Tm6B,1,N,2,6/18/2013,6/29/2013,Female,13,4,5,0,
NN1,Hand-Gal4/Tm3-ser,31039/Tm6B,1,N,2,6/18/2013,6/29/2013,Male,9,10,4,1,
P3,Hand-Gal4/Tm3-ser,35144/Tm6B,3,P,1,6/19/2013,6/29/2013,Female,7,4,5,0,
P3,Hand-Gal4/Tm3-ser,35144/Tm6B,3,P,1,6/19/2013,6/29/2013,Male,7,2,5,1,
Q2,Hand-Gal4/Tm3-ser,31529/Tm6B,2,Q,1,6/17/2013,6/29/2013,Female,6,15,6,13,
Q2,Hand-Gal4/Tm3-ser,31529/Tm6B,2,Q,1,6/17/2013,6/29/2013,Male,10,7,1,9,
MM2,Hand-Gal4/Tm3-ser,34814/Tm6B,2,M,2,6/19/2013,7/1/2013,Female,3,3,5,9,
MM2,Hand-Gal4/Tm3-ser,34814/Tm6B,2,M,2,6/19/2013,7/1/2013,Male,0,3,0,5,
N5,Hand-Gal4/Tm3-ser,31039/Tm6B,5,N,1,6/21/2013,7/1/2013,Female,7,9,4,0,
N5,Hand-Gal4/Tm3-ser,31039/Tm6B,5,N,1,6/21/2013,7/1/2013,Male,4,5,0,0,
O4,Hand-Gal4/Tm3-ser,31528/Tm6B,4,O,1,6/19/2013,7/1/2013,Female,3,12,11,2,
O4,Hand-Gal4/Tm3-ser,31528/Tm6B,4,O,1,6/19/2013,7/1/2013,Male,1,1,1,5,
PP1,Hand-Gal4/Tm3-ser,35144/Tm6B,1,P,2,6/20/2013,7/1/2013,Female,6,5,5,3,
PP1,Hand-Gal4/Tm3-ser,35144/Tm6B,1,P,2,6/20/2013,7/1/2013,Male,2,5,2,6,
Q3,Hand-Gal4/Tm3-ser,31529/Tm6B,3,Q,1,6/21/2013,7/1/2013,Female,7,6,3,2,
Q3,Hand-Gal4/Tm3-ser,31529/Tm6B,3,Q,1,6/21/2013,7/1/2013,Male,3,2,0,1,
R2,Hand-Gal4/Tm3-ser,31314/Tm6B,2,R,1,6/19/2013,6/30/2013,Female,8,3,6,2,
R2,Hand-Gal4/Tm3-ser,31314/Tm6B,2,R,1,6/19/2013,6/30/2013,Male,3,4,1,2,
M5,Hand-Gal4/Tm3-ser,34814/Tm6B,5,M,1,6/19/2013,7/2/2013,Female,1,3,3,1,
M5,Hand-Gal4/Tm3-ser,34814/Tm6B,5,M,1,6/19/2013,7/2/2013,Male,2,4,2,2,
MM2,Hand-Gal4/Tm3-ser,34814/Tm6B,2,M,2,6/19/2013,7/2/2013,Female,2,4,1,2,
MM2,Hand-Gal4/Tm3-ser,34814/Tm6B,2,M,2,6/19/2013,7/2/2013,Male,2,4,1,2,
MM2,Hand-Gal4/Tm3-ser,34814/Tm6B,2,M,2,6/19/2013,7/4/2013,Female,2,3,0,0,
MM2,Hand-Gal4/Tm3-ser,34814/Tm6B,2,M,2,6/19/2013,7/4/2013,Male,1,1,2,1,
MM2,Hand-Gal4/Tm3-ser,34814/Tm6B,2,M,2,6/19/2013,7/7/2013,Female,1,5,2,1,
MM2,Hand-Gal4/Tm3-ser,34814/Tm6B,2,M,2,6/19/2013,7/7/2013,Male,3,3,4,1,
MM3,Hand-Gal4/Tm3-ser,34814/Tm6B,3,M,2,6/24/2013,7/6/2013,Female,6,5,1,1,
MM3,Hand-Gal4/Tm3-ser,34814/Tm6B,3,M,2,6/24/2013,7/6/2013,Male,3,4,7,4,
N5,Hand-Gal4/Tm3-ser,31039/Tm6B,5,N,1,6/21/2013,7/2/2013,Female,6,1,2,1,
N5,Hand-Gal4/Tm3-ser,31039/Tm6B,5,N,1,6/21/2013,7/2/2013,Male,7,4,3,3,
N6,Hand-Gal4/Tm3-ser,31039/Tm6B,6,N,1,6/26/2013,7/6/2013,Female,12,12,5,1,
N6,Hand-Gal4/Tm3-ser,31039/Tm6B,6,N,1,6/26/2013,7/6/2013,Male,5,11,5,1,
NN1,Hand-Gal4/Tm3-ser,31039/Tm6B,1,N,2,6/18/2013,7/2/2013,Female,6,4,2,3,
NN1,Hand-Gal4/Tm3-ser,31039/Tm6B,1,N,2,6/18/2013,7/2/2013,Male,13,2,4,0,
NN2,Hand-Gal4/Tm3-ser,31039/Tm6B,2,N,2,6/24/2013,7/4/2013,Female,4,5,0,5,
NN2,Hand-Gal4/Tm3-ser,31039/Tm6B,2,N,2,6/24/2013,7/4/2013,Male,1,2,1,0,
M6,Hand-Gal4/Tm3-ser,34814/Tm6B,6,M,1,6/24/2013,7/7/2013,Female,1,3,3,2,
M6,Hand-Gal4/Tm3-ser,34814/Tm6B,6,M,1,6/24/2013,7/7/2013,Male,2,5,1,1,
M7,Hand-Gal4/Tm3-ser,34814/Tm6B,7,M,1,6/28/2013,7/9/2013,Female,7,4,7,1,
M7,Hand-Gal4/Tm3-ser,34814/Tm6B,7,M,1,6/28/2013,7/9/2013,Male,5,2,3,0,
MM4,Hand-Gal4/Tm3-ser,34814/Tm6B,4,M,2,6/28/2013,7/9/2013,Female,15,4,6,2,
MM4,Hand-Gal4/Tm3-ser,34814/Tm6B,4,M,2,6/28/2013,7/9/2013,Male,8,5,0,2,
NN2,Hand-Gal4/Tm3-ser,31039/Tm6B,2,N,2,6/24/2013,7/6/2013,Female,1,3,7,1,
NN2,Hand-Gal4/Tm3-ser,31039/Tm6B,2,N,2,6/24/2013,7/6/2013,Male,3,4,1,0,
NN3,Hand-Gal4/Tm3-ser,31039/Tm6B,3,N,2,6/28/2013,7/9/2013,Female,7,8,6,1,
NN3,Hand-Gal4/Tm3-ser,31039/Tm6B,3,N,2,6/28/2013,7/9/2013,Male,8,5,3,1,
O4,Hand-Gal4/Tm3-ser,31528/Tm6B,4,O,1,6/19/2013,7/3/2013,Female,5,6,4,0,
O4,Hand-Gal4/Tm3-ser,31528/Tm6B,4,O,1,6/19/2013,7/3/2013,Male,2,4,4,2,
O5,Hand-Gal4/Tm3-ser,31528/Tm6B,5,O,1,6/24/2013,7/7/2013,Female,8,9,3,2,
O5,Hand-Gal4/Tm3-ser,31528/Tm6B,5,O,1,6/24/2013,7/7/2013,Male,3,9,3,2,
O4,Hand-Gal4/Tm3-ser,31528/Tm6B,4,O,1,6/19/2013,7/6/2013,Female,1,4,2,3,
O4,Hand-Gal4/Tm3-ser,31528/Tm6B,4,O,1,6/19/2013,7/6/2013,Male,2,3,2,6,
O6,Hand-Gal4/Tm3-ser,31528/Tm6B,6,O,1,6/28/2013,7/9/2013,Female,6,7,8,0,
O6,Hand-Gal4/Tm3-ser,31528/Tm6B,6,O,1,6/28/2013,7/9/2013,Male,3,7,0,3,
OO1,Hand-Gal4/Tm3-ser,31528/Tm6B,1,O,2,6/19/2013,7/2/2013,Female,5,5,4,1,
OO1,Hand-Gal4/Tm3-ser,31528/Tm6B,1,O,2,6/19/2013,7/2/2013,Male,1,5,2,1,
OO1,Hand-Gal4/Tm3-ser,31528/Tm6B,1,O,2,6/19/2013,7/4/2013,Female,6,5,1,0,
OO1,Hand-Gal4/Tm3-ser,31528/Tm6B,1,O,2,6/19/2013,7/4/2013,Male,6,2,2,1,
OO2,Hand-Gal4/Tm3-ser,31528/Tm6B,2,O,2,6/25/2013,7/7/2013,Female,8,10,3,3,
OO2,Hand-Gal4/Tm3-ser,31528/Tm6B,2,O,2,6/25/2013,7/7/2013,Male,3,10,3,0,
OO1,Hand-Gal4/Tm3-ser,31528/Tm6B,1,O,2,6/19/2013,7/7/2013,Female,2,6,2,3,
OO1,Hand-Gal4/Tm3-ser,31528/Tm6B,1,O,2,6/19/2013,7/7/2013,Male,3,6,4,5,
PP1,Hand-Gal4/Tm3-ser,35144/Tm6B,1,P,2,6/20/2013,7/2/2013,Female,4,2,4,2,
PP1,Hand-Gal4/Tm3-ser,35144/Tm6B,1,P,2,6/20/2013,7/2/2013,Male,5,7,2,0,
PP1,Hand-Gal4/Tm3-ser,35144/Tm6B,1,P,2,6/20/2013,7/4/2013,Female,8,0,2,3,
PP1,Hand-Gal4/Tm3-ser,35144/Tm6B,1,P,2,6/20/2013,7/4/2013,Male,6,4,0,0,
PP2,Hand-Gal4/Tm3-ser,35144/Tm6B,2,P,2,6/25/2013,7/7/2013,Female,10,7,5,6,
PP2,Hand-Gal4/Tm3-ser,35144/Tm6B,2,P,2,6/25/2013,7/7/2013,Male,5,8,5,4,
PP1,Hand-Gal4/Tm3-ser,35144/Tm6B,1,P,2,6/20/2013,7/6/2013,Female,0,1,1,1,
PP1,Hand-Gal4/Tm3-ser,35144/Tm6B,1,P,2,6/20/2013,7/6/2013,Male,3,1,3,2,
Q3,Hand-Gal4/Tm3-ser,31529/Tm6B,3,Q,1,6/21/2013,7/2/2013,Female,4,4,5,4,
Q3,Hand-Gal4/Tm3-ser,31529/Tm6B,3,Q,1,6/21/2013,7/2/2013,Male,8,8,1,1,
Q2,Hand-Gal4/Tm3-ser,31529/Tm6B,2,Q,1,6/17/2013,7/2/2013,Female,5,2,3,1,
Q2,Hand-Gal4/Tm3-ser,31529/Tm6B,2,Q,1,6/17/2013,7/2/2013,Male,2,5,3,3,
Q3,Hand-Gal4/Tm3-ser,31529/Tm6B,3,Q,1,6/21/2013,7/4/2013,Female,5,5,2,5,
Q3,Hand-Gal4/Tm3-ser,31529/Tm6B,3,Q,1,6/21/2013,7/4/2013,Male,1,7,0,4,
Q3,Hand-Gal4/Tm3-ser,31529/Tm6B,3,Q,1,6/21/2013,7/7/2013,Female,2,6,5,1,
Q3,Hand-Gal4/Tm3-ser,31529/Tm6B,3,Q,1,6/21/2013,7/7/2013,Male,0,9,5,0,
Q4,Hand-Gal4/Tm3-ser,31529/Tm6B,4,Q,1,6/26/2013,7/7/2013,Female,9,7,0,2,
Q4,Hand-Gal4/Tm3-ser,31529/Tm6B,4,Q,1,6/26/2013,7/7/2013,Male,1,8,0,2,
QQ1,Hand-Gal4/Tm3-ser,31529/Tm6B,1,Q,2,6/21/2013,7/2/2013,Female,7,9,7,0,
QQ1,Hand-Gal4/Tm3-ser,31529/Tm6B,1,Q,2,6/21/2013,7/2/2013,Male,8,3,2,0,
QQ1,Hand-Gal4/Tm3-ser,31529/Tm6B,1,Q,2,6/21/2013,7/4/2013,Female,4,5,4,1,
QQ1,Hand-Gal4/Tm3-ser,31529/Tm6B,1,Q,2,6/21/2013,7/4/2013,Male,3,4,6,3,
QQ1,Hand-Gal4/Tm3-ser,31529/Tm6B,1,Q,2,6/21/2013,7/7/2013,Female,2,7,6,2,
QQ1,Hand-Gal4/Tm3-ser,31529/Tm6B,1,Q,2,6/21/2013,7/7/2013,Male,2,7,7,3,
QQ2,Hand-Gal4/Tm3-ser,31529/Tm6B,2,Q,2,6/26/2013,7/8/2013,Female,5,5,4,5,
QQ2,Hand-Gal4/Tm3-ser,31529/Tm6B,2,Q,2,6/26/2013,7/8/2013,Male,3,5,1,4,
R2,Hand-Gal4/Tm3-ser,31314/Tm6B,2,R,1,6/19/2013,7/2/2013,Female,4,2,2,2,
R2,Hand-Gal4/Tm3-ser,31314/Tm6B,2,R,1,6/19/2013,7/2/2013,Male,5,2,2,2,
R3,Hand-Gal4/Tm3-ser,31314/Tm6B,3,R,1,6/24/2013,7/7/2013,Female,10,3,3,0,
R3,Hand-Gal4/Tm3-ser,31314/Tm6B,3,R,1,6/24/2013,7/7/2013,Male,7,9,2,1,
S1,C179-Gal4/IIF-451,34814/Tm6B,1,S,1,6/26/2013,7/8/2013,Female,14,0,16,0,
S1,C179-Gal4/IIF-451,34814/Tm6B,1,S,1,6/26/2013,7/8/2013,Male,3,0,17,0,
T1,C179-Gal4/IIF-451,31529/Tm6B,1,T,1,6/26/2013,7/8/2013,Female,15,0,12,0,
T1,C179-Gal4/IIF-451,31529/Tm6B,1,T,1,6/26/2013,7/8/2013,Male,4,0,12,0,
U1,C179-Gal4/IIF-451,31528/Tm6B,1,U,1,6/26/2013,7/8/2013,Female,13,0,16,0,
U1,C179-Gal4/IIF-451,31528/Tm6B,1,U,1,6/26/2013,7/8/2013,Male,9,0,9,0,
T2,C179-Gal4/IIF-451,31529/Tm6B,2,T,1,7/1/2013,7/11/2013,Female,10,0,15,0,
T2,C179-Gal4/IIF-451,31529/Tm6B,2,T,1,7/1/2013,7/11/2013,Male,0,0,4,0,
U1,C179-Gal4/IIF-451,31528/Tm6B,1,U,1,6/26/2013,7/10/2013,Female,4,0,9,0,
U1,C179-Gal4/IIF-451,31528/Tm6B,1,U,1,6/26/2013,7/10/2013,Male,3,0,13,0,
x-K6,24B-Gal4/Tm3-ser,31528/Tm6B,6,K,1,6/18/2013,7/8/2013,Female,0,8,2,4,
x-K6,24B-Gal4/Tm3-ser,31528/Tm6B,6,K,1,6/18/2013,7/8/2013,Male,0,2,3,3,
x-HH5,24B-Gal4/Tm3-sb,34814/Tm6B,5,H,2,6/18/2013,7/8/2013,Female,0,5,4,3,
x-HH5,24B-Gal4/Tm3-sb,34814/Tm6B,5,H,2,6/18/2013,7/8/2013,Male,0,6,4,2,
x-KK4,24B-Gal4/Tm3-ser,31528/Tm6B,4,K,2,6/18/2013,7/8/2013,Female,0,4,4,6,
x-KK4,24B-Gal4/Tm3-ser,31528/Tm6B,4,K,2,6/18/2013,7/8/2013,Male,0,3,3,3,
x-BB5,24B-Gal4/Tm3-ser,34814/Tm6B,5,B,2,6/18/2013,7/8/2013,Female,0,6,3,3,
x-BB5,24B-Gal4/Tm3-ser,34814/Tm6B,5,B,2,6/18/2013,7/8/2013,Male,0,2,6,3,
x-CC4,24B-Gal4/Tm3-sb,31528/Tm6B,4,C,2,6/18/2013,7/8/2013,Female,0,6,3,2,
x-CC4,24B-Gal4/Tm3-sb,31528/Tm6B,4,C,2,6/18/2013,7/8/2013,Male,0,7,3,1,
x-E6,24B-Gal4/Tm3-ser,31529/Tm6B,6,E,1,6/18/2013,7/9/2013,Female,0,4,3,3,
x-E6,24B-Gal4/Tm3-ser,31529/Tm6B,6,E,1,6/18/2013,7/9/2013,Male,0,6,3,2,
x-EE5,24B-Gal4/Tm3-ser,31529/Tm6B,5,E,2,6/18/2013,7/9/2013,Female,0,6,0,1,
x-EE5,24B-Gal4/Tm3-ser,31529/Tm6B,5,E,2,6/18/2013,7/9/2013,Male,0,6,0,4,
x-BBB5,24B-Gal4/Tm3-ser,34814/Tm6B,5,B,3,6/18/2013,7/9/2013,Female,0,2,4,4,
x-BBB5,24B-Gal4/Tm3-ser,34814/Tm6B,5,B,3,6/18/2013,7/9/2013,Male,0,2,1,3,
S2,C179-Gal4/IIF-451,34814/Tm6B,2,S,1,7/1/2013,7/11/2013,Female,3,0,17,0,
S2,C179-Gal4/IIF-451,34814/Tm6B,2,S,1,7/1/2013,7/11/2013,Male,5,0,22,0,
S1,C179-Gal4/IIF-451,34814/Tm6B,1,S,1,6/26/2013,7/11/2013,Female,2,0,6,0,
S1,C179-Gal4/IIF-451,34814/Tm6B,1,S,1,6/26/2013,7/11/2013,Male,3,0,8,0,
T1,C179-Gal4/IIF-451,31529/Tm6B,1,T,1,6/26/2013,7/11/2013,Female,2,0,13,0,
T1,C179-Gal4/IIF-451,31529/Tm6B,1,T,1,6/26/2013,7/11/2013,Male,3,0,7,0,
U2,C179-Gal4/IIF-451,31528/Tm6B,2,U,1,7/1/2013,7/11/2013,Female,11,0,17,0,
U2,C179-Gal4/IIF-451,31528/Tm6B,2,U,1,7/1/2013,7/11/2013,Male,10,0,8,0,
S2,C179-Gal4/IIF-451,34814/Tm6B,2,U,1,7/1/2013,7/14/2013,Female,3,0,13,0,
S2,C179-Gal4/IIF-451,34814/Tm6B,2,U,1,7/1/2013,7/14/2013,Male,2,0,12,0,
T3,C179-Gal4/IIF-451,31529/Tm6B,3,T,1,7/5/2013,7/15/2013,Female,12,0,18,0,
T3,C179-Gal4/IIF-451,31529/Tm6B,3,T,1,7/5/2013,7/15/2013,Male,1,0,6,0,
T2,C179-Gal4/IIF-451,31529/Tm6B,2,T,1,7/1/2013,7/13/2013,Female,13,0,9,0,
T2,C179-Gal4/IIF-451,31529/Tm6B,2,T,1,7/1/2013,7/13/2013,Male,2,0,13,0,
U1,C179-Gal4/IIF-451,31528/Tm6B,1,U,1,6/26/2013,7/13/2013,Female,1,0,6,0,
U1,C179-Gal4/IIF-451,31528/Tm6B,1,U,1,6/26/2013,7/13/2013,Male,5,0,7,0,
U2,C179-Gal4/IIF-451,31528/Tm6B,2,U,1,7/1/2013,7/14/2013,Female,5,0,12,0,
U2,C179-Gal4/IIF-451,31528/Tm6B,2,U,1,7/1/2013,7/14/2013,Male,6,0,12,0,
U3,C179-Gal4/IIF-451,31528/Tm6B,3,U,1,7/5/2013,7/14/2013,Female,23,0,14,0,
U3,C179-Gal4/IIF-451,31528/Tm6B,3,U,1,7/5/2013,7/14/2013,Male,6,0,1,0,
x-KK4,24B-Gal4/Tm3-ser,31528/Tm6B,4,K,2,6/18/2013,7/13/2013,Female,0,7,10,3,
x-KK4,24B-Gal4/Tm3-ser,31528/Tm6B,4,K,2,6/18/2013,7/13/2013,Male,0,4,3,10,
x-CC4,24B-Gal4/Tm3-sb,31528/Tm6B,4,C,2,6/18/2013,7/13/2013,Female,0,9,9,6,
x-CC4,24B-Gal4/Tm3-sb,31528/Tm6B,4,C,2,6/18/2013,7/13/2013,Male,0,4,8,0,
x-K6,24B-Gal4/Tm3-ser,31528/Tm6B,6,K,1,6/18/2013,7/12/2013,Female,0,7,7,8,
x-K6,24B-Gal4/Tm3-ser,31528/Tm6B,6,K,1,6/18/2013,7/12/2013,Male,0,7,3,5,
x-HH5,24B-Gal4/Tm3-sb,34814/Tm6B,5,H,2,6/18/2013,7/13/2013,Female,0,3,6,3,
x-HH5,24B-Gal4/Tm3-sb,34814/Tm6B,5,H,2,6/18/2013,7/13/2013,Male,0,5,3,5,
S3,C179-Gal4/IIF-451,34814/Tm6B,3,S,1,7/5/2013,7/16/2013,Female,8,0,27,0,
S3,C179-Gal4/IIF-451,34814/Tm6B,3,S,1,7/5/2013,7/16/2013,Male,7,0,32,0,
T3,C179-Gal4/IIF-451,31529/Tm6B,3,T,1,7/5/2013,7/16/2013,Female,9,0,19,0,
T3,C179-Gal4/IIF-451,31529/Tm6B,3,T,1,7/5/2013,7/16/2013,Male,3,0,29,0,
U3,C179-Gal4/IIF-451,31528/Tm6B,3,U,1,7/5/2013,7/16/2013,Female,12,0,20,0,
U3,C179-Gal4/IIF-451,31528/Tm6B,3,U,1,7/5/2013,7/16/2013,Male,14,0,32,0,
S4,C179-Gal4/IIF-451,34814/Tm6B,4,S,1,7/10/2013,7/21/2013,Female,2,0,18,0,
S4,C179-Gal4/IIF-451,34814/Tm6B,4,S,1,7/10/2013,7/21/2013,Male,8,0,18,0,
T4,C179-Gal4/IIF-451,31529/Tm6B,4,T,1,7/10/2013,7/21/2013,Female,21,0,25,0,
T4,C179-Gal4/IIF-451,31529/Tm6B,4,T,1,7/10/2013,7/21/2013,Male,5,0,26,0,
x-EE6,24B-Gal4/Tm3-ser,31529/Tm6B,6,E,2,6/26/2013,7/15/2013,Female,0,7,6,1,
x-EE6,24B-Gal4/Tm3-ser,31529/Tm6B,6,E,2,6/26/2013,7/15/2013,Male,0,7,2,4,
x-BBB6,24B-Gal4/Tm3-ser,34814/Tm6B,6,B,3,6/26/2013,7/15/2013,Female,0,1,7,3,
x-BBB6,24B-Gal4/Tm3-ser,34814/Tm6B,6,B,3,6/26/2013,7/15/2013,Male,0,4,7,1,
x-E7,24B-Gal4/Tm3-ser,31529/Tm6B,7,E,1,6/26/2013,7/15/2013,Female,0,5,4,2,
x-E7,24B-Gal4/Tm3-ser,31529/Tm6B,7,E,1,6/26/2013,7/15/2013,Male,0,6,3,0,
x-BB6,24B-Gal4/Tm3-ser,34814/Tm6B,6,B,2,6/26/2013,7/15/2013,Female,0,8,5,5,
x-BB6,24B-Gal4/Tm3-ser,34814/Tm6B,6,B,2,6/26/2013,7/15/2013,Male,0,2,0,0,
x-HH6,24B-Gal4/Tm3-sb,34814/Tm6B,6,H,2,6/26/2013,7/15/2013,Female,0,9,3,5,
x-HH6,24B-Gal4/Tm3-sb,34814/Tm6B,6,H,2,6/26/2013,7/15/2013,Male,0,8,1,0,
x-BB7,24B-Gal4/Tm3-ser,34814/Tm6B,7,B,2,7/3/2013,7/21/2013,Female,0,11,6,8,
x-BB7,24B-Gal4/Tm3-ser,34814/Tm6B,7,B,2,7/3/2013,7/21/2013,Male,0,8,8,4,
x-BBB7,24B-Gal4/Tm3-ser,34814/Tm6B,7,B,3,7/3/2013,7/21/2013,Female,0,6,1,5,
x-BBB7,24B-Gal4/Tm3-ser,34814/Tm6B,7,B,3,7/3/2013,7/21/2013,Male,0,7,3,4,
S4,C179-Gal4/IIF-451,34814/Tm6B,4,S,1,7/10/2013,7/23/2013,Female,2,0,13,0,
S4,C179-Gal4/IIF-451,34814/Tm6B,4,S,1,7/10/2013,7/23/2013,Male,3,0,5,0,
T4,C179-Gal4/IIF-451,31529/Tm6B,4,T,1,7/10/2013,7/24/2013,Female,8,0,12,0,
T4,C179-Gal4/IIF-451,31529/Tm6B,4,T,1,7/10/2013,7/24/2013,Male,1,0,5,0,
x-E8,24B-Gal4/Tm3-ser,31529/Tm6B,8,E,1,7/3/2013,7/21/2013,Female,0,3,6,2,
x-E8,24B-Gal4/Tm3-ser,31529/Tm6B,8,E,1,7/3/2013,7/21/2013,Male,0,2,6,2,
x-E8,24B-Gal4/Tm3-ser,31529/Tm6B,8,E,1,7/3/2013,7/24/2013,Female,0,2,3,4,
x-E8,24B-Gal4/Tm3-ser,31529/Tm6B,8,E,1,7/3/2013,7/24/2013,Male,0,6,4,3,
x-EE7,24B-Gal4/Tm3-ser,31529/Tm6B,7,E,2,7/3/2013,7/23/2013,Female,0,5,3,2,
x-EE7,24B-Gal4/Tm3-ser,31529/Tm6B,7,E,2,7/3/2013,7/23/2013,Male,0,0,0,1,
S5,C179-Gal4/IIF-451,34814/Tm6B,5,S,1,7/15/2013,7/27/2013,Female,5,0,14,0,
S5,C179-Gal4/IIF-451,34814/Tm6B,5,S,1,7/15/2013,7/27/2013,Male,4,0,27,0,
S6,C179-Gal4/IIF-451,34814/Tm6B,6,S,1,7/19/2013,7/29/2013,Female,3,0,10,0,
S6,C179-Gal4/IIF-451,34814/Tm6B,6,S,1,7/19/2013,7/29/2013,Male,0,0,9,0,
S6,C179-Gal4/IIF-451,34814/Tm6B,6,S,1,7/19/2013,7/30/2013,Female,2,0,10,0,
S6,C179-Gal4/IIF-451,34814/Tm6B,6,S,1,7/19/2013,7/30/2013,Male,6,0,12,0,
S7,C179-Gal4/IIF-451,34814/Tm6B,7,S,1,7/24/2013,8/4/2013,Female,7,0,16,0,
S7,C179-Gal4/IIF-451,34814/Tm6B,7,S,1,7/24/2013,8/4/2013,Male,7,0,9,0,
S7,C179-Gal4/IIF-451,34814/Tm6B,7,S,1,7/24/2013,8/6/2013,Female,1,0,8,0,
S7,C179-Gal4/IIF-451,34814/Tm6B,7,S,1,7/24/2013,8/6/2013,Male,4,0,12,0,
GGG1,24B-Gal4/Tm3-sb,31529/Tm6B,3,G,1,,8/19/2013,Female,0,3,2,0,
GGG1,24B-Gal4/Tm3-sb,31529/Tm6B,3,G,1,,8/19/2013,Male,0,2,3,0,
RRR2,Hand-Gal4/Tm3-ser,31314/Tm6B,2,R,3,,8/23/2013,Female,8,8,3,0,
RRR2,Hand-Gal4/Tm3-ser,31314/Tm6B,2,R,3,,8/23/2013,Male,6,4,4,1,