CrossName,Female,Male,Generation,Cross,Replicate,DateStarted,DateEclosed,Gender,WT,Cyo/Sb,Cyo,Sb,Cyo+Sb,Notes
3A1,Mhc-GAL4/TM6C,36304/III,1,3A,1,,5/28/2014,Male,17,19,,,,all cyo had white eyes
3A1,Mhc-GAL4/TM6C,36304/III,1,3A,1,,5/28/2014,Female,20,16,,,,
3B1,Mhc-GAL4/TM6C,31528/III,1,3B,1,,5/28/2014,Male,22,23,,,,all cyo had white eyes
3B1,Mhc-GAL4/TM6C,31528/III,1,3B,1,,5/28/2014,Female,26,16,,,,
3C1,Mhc-GAL4/TM6C,34814/III,1,3C,1,,5/28/2014,Male,16,14,,,,
3C1,Mhc-GAL4/TM6C,34814/III,1,3C,1,,5/28/2014,Female,18,16,,,,
5A1,"24B-GAL4/Tm3,sb",36304/III,1,5A,1,,5/28/2014,Male,10,0,,,,
5A1,"24B-GAL4/Tm3,sb",36304/III,1,5A,1,,5/28/2014,Female,14,2,,,,
3A1,Mhc-GAL4/TM6C,36304/III,1,3A,1,,6/2/2014,Male,8,10,,,,
3A1,Mhc-GAL4/TM6C,36304/III,1,3A,1,,6/2/2014,Female,6,10,,,,
3B1,Mhc-GAL4/TM6C,31528/III,1,3B,1,,6/2/2014,Male,19,,,,,
3B1,Mhc-GAL4/TM6C,31528/III,1,3B,1,,6/2/2014,Female,7,12,,,,
3C1,Mhc-GAL4/TM6C,34814/III,1,3C,1,,6/2/2014,Male,8,12,,,,
3C1,Mhc-GAL4/TM6C,34814/III,1,3C,1,,6/2/2014,Female,11,7,,,,
3D1,Mhc-GAL4/TM6C,41912/II,1,3D,1,,6/2/2014,Male,13,5,,,,
3D1,Mhc-GAL4/TM6C,41912/II,1,3D,1,,6/2/2014,Female,30,5,,,,
5A1,"24B-GAL4/Tm3,sb",36304/III,1,5A,1,,6/4/2014,Male,24,11,,,,
5A1,"24B-GAL4/Tm3,sb",36304/III,1,5A,1,,6/4/2014,Female,27,9,,,,
3A2,Mhc-GAL4/TM6C,36304/III,2,3A,1,,6/4/2014,Male,13,17,,,,
3A2,Mhc-GAL4/TM6C,36304/III,2,3A,1,,6/4/2014,Female,20,20,,,,
3B2,Mhc-GAL4/TM6C,31528/III,2,3B,1,,6/4/2014,Male,7,7,,,,
3B2,Mhc-GAL4/TM6C,31528/III,2,3B,1,,6/4/2014,Female,15,11,,,,
4B1,Mef-GAL4,36304/III,1,4B,1,,6/4/2014,Male,40,0,,,,
4B1,Mef-GAL4,36304/III,1,4B,1,,6/4/2014,Female,46,0,,,,
3C2,Mhc-GAL4/TM6C,34814/III,2,3C,1,,6/4/2014,Male,12,13,,,,
3C2,Mhc-GAL4/TM6C,34814/III,2,3C,1,,6/4/2014,Female,17,16,,,,
3C2,Mhc-GAL4/TM6C,34814/III,2,3C,1,,6/6/2014,Male,4,4,,,,
3C2,Mhc-GAL4/TM6C,34814/III,2,3C,1,,6/6/2014,Female,6,5,,,,
4A1,Mef-GAL4,32371/III,1,4A,1,,6/6/2014,Male,2,0,,,,
4A1,Mef-GAL4,32371/III,1,4A,1,,6/6/2014,Female,6,0,,,,
3C2,Mhc-GAL4/TM6C,34814/III,2,3C,1,,6/11/2014,Male,4,10,,,,
3C2,Mhc-GAL4/TM6C,34814/III,2,3C,1,,6/11/2014,Female,6,3,,,,
3C3,Mhc-GAL4/TM6C,34814/III,3,3C,1,,6/11/2014,Male,25,19,,,,
3C3,Mhc-GAL4/TM6C,34814/III,3,3C,1,,6/11/2014,Female,25,26,,,,
4AA1,Mef-GAL4,32371/III,1,4A,2,,6/11/2014,Male,22,0,,,,
4AA1,Mef-GAL4,32371/III,1,4A,2,,6/11/2014,Female,35,0,,,,
4A1,Mef-GAL4,32371/III,1,4A,1,,6/11/2014,Male,5,0,,,,
4A1,Mef-GAL4,32371/III,1,4A,1,,6/11/2014,Female,1,0,,,,
4B1,Mef-GAL4,36304/III,1,4B,1,,6/11/2014,Male,19,0,,,,
4B1,Mef-GAL4,36304/III,1,4B,1,,6/11/2014,Female,29,0,,,,
5AA1,"24B-GAL4/Tm3,sb",36304/III,1,5A,2,,6/11/2014,Male,15,19,,,,
5AA1,"24B-GAL4/Tm3,sb",36304/III,1,5A,2,,6/11/2014,Female,17,24,,,,
3E1,Mhc-GAL4/TM6C,31529/III,1,3E,1,,6/11/2014,Male,21,20,,,,
3E1,Mhc-GAL4/TM6C,31529/III,1,3E,1,,6/11/2014,Female,23,13,,,,
3A2,Mhc-GAL4/TM6C,36304/III,2,3A,1,,6/12/2014,Male,4,1,,,,
3A2,Mhc-GAL4/TM6C,36304/III,2,3A,1,,6/12/2014,Female,3,4,,,,
3B2,Mhc-GAL4/TM6C,31528/III,2,3B,1,,6/12/2014,Male,4,4,,,,
3B2,Mhc-GAL4/TM6C,31528/III,2,3B,1,,6/12/2014,Female,9,3,,,,
4B2,Mef-GAL4,36304/III,2,4B,1,,6/12/2014,Male,18,0,,,,
4B2,Mef-GAL4,36304/III,2,4B,1,,6/12/2014,Female,13,0,,,,
3A3,Mhc-GAL4/TM6C,36304/III,3,3A,1,,6/13/2014,Male,10,9,,,,
3A3,Mhc-GAL4/TM6C,36304/III,3,3A,1,,6/13/2014,Female,9,6,,,,
3D2,Mhc-GAL4/TM6C,41912/II,2,3D,1,,6/13/2014,Male,13,18,,,,
3D2,Mhc-GAL4/TM6C,41912/II,2,3D,1,,6/13/2014,Female,20,15,,,,
3D2,Mhc-GAL4/TM6C,41912/II,2,3D,1,,6/16/2014,Male,1,2,,,,
3D2,Mhc-GAL4/TM6C,41912/II,2,3D,1,,6/16/2014,Female,2,2,,,,
5AAA1,"24B-GAL4/Tm3,sb",36304/III,1,5A,3,,6/16/2014,Male,2,12,,,,
5AAA1,"24B-GAL4/Tm3,sb",36304/III,1,5A,3,,6/16/2014,Female,7,11,,,,
3AA1,Mhc-GAL4/TM6C,36304/III,1,3A,2,,6/16/2014,Male,9,6,,,,
3AA1,Mhc-GAL4/TM6C,36304/III,1,3A,2,,6/16/2014,Female,12,7,,,,
3C3,Mhc-GAL4/TM6C,34814/III,3,3C,1,,6/17/2014,Male,8,10,,,,
3C3,Mhc-GAL4/TM6C,34814/III,3,3C,1,,6/17/2014,Female,3,8,,,,
3C4,Mhc-GAL4/TM6C,34814/III,4,3C,1,,6/17/2014,Male,22,19,,,,
3C4,Mhc-GAL4/TM6C,34814/III,4,3C,1,,6/17/2014,Female,34,15,,,,
3D3,Mhc-GAL4/TM6C,41912/II,3,3D,1,,6/17/2014,Male,13,7,,,,
3D3,Mhc-GAL4/TM6C,41912/II,3,3D,1,,6/17/2014,Female,12,6,,,,
4AA1,Mef-GAL4,32371/III,1,4A,2,,6/17/2014,Male,12,0,,,,
4AA1,Mef-GAL4,32371/III,1,4A,2,,6/17/2014,Female,7,0,,,,
4AA2,Mef-GAL4,32371/III,2,4A,2,,6/17/2014,Male,15,0,,,,
4AA2,Mef-GAL4,32371/III,2,4A,2,,6/17/2014,Female,16,0,,,,
4A2,Mef-GAL4,32371/III,2,4A,1,,6/17/2014,Male,1,0,,,,
4A2,Mef-GAL4,32371/III,2,4A,1,,6/17/2014,Female,8,0,,,,
4B2,Mef-GAL4,36304/III,2,4B,1,,6/17/2014,Male,3,0,,,,
4B2,Mef-GAL4,36304/III,2,4B,1,,6/17/2014,Female,5,0,,,,
4B3,Mef-GAL4,36304/III,3,4B,1,,6/17/2014,Male,1,0,,,,
4B3,Mef-GAL4,36304/III,3,4B,1,,6/17/2014,Female,3,0,,,,
4C1,Mef-GAL4,35137/III,1,4C,1,,6/17/2014,Male,0,0,,,,
4C1,Mef-GAL4,35137/III,1,4C,1,,6/17/2014,Female,1,0,,,,
5AA1,"24B-GAL4/Tm3,sb",36304/III,1,5A,2,,6/17/2014,Male,6,7,,,,
5AA1,"24B-GAL4/Tm3,sb",36304/III,1,5A,2,,6/17/2014,Female,3,6,,,,
3E1,Mhc-GAL4/TM6C,31529/III,1,3E,1,,6/17/2014,Male,7,15,,,,
3E1,Mhc-GAL4/TM6C,31529/III,1,3E,1,,6/17/2014,Female,13,11,,,,
3E2,Mhc-GAL4/TM6C,31529/III,2,3E,1,,6/17/2014,Male,9,7,,,,
3E2,Mhc-GAL4/TM6C,31529/III,2,3E,1,,6/17/2014,Female,11,13,,,,
3A3,Mhc-GAL4/TM6C,36304/III,3,3A,1,,6/18/2014,Male,4,4,,,,
3A3,Mhc-GAL4/TM6C,36304/III,3,3A,1,,6/18/2014,Female,6,2,,,,
3A4,Mhc-GAL4/TM6C,36304/III,4,3A,1,,6/18/2014,Male,11,12,,,,
3A4,Mhc-GAL4/TM6C,36304/III,4,3A,1,,6/18/2014,Female,9,8,,,,
3B4,Mhc-GAL4/TM6C,31528/III,4,3B,1,,6/18/2014,Male,7,5,,,,
3B4,Mhc-GAL4/TM6C,31528/III,4,3B,1,,6/18/2014,Female,6,7,,,,
5AA2,"24B-GAL4/Tm3,sb",36304/III,2,5A,2,,6/18/2014,Male,7,7,,,,
5AA2,"24B-GAL4/Tm3,sb",36304/III,2,5A,2,,6/18/2014,Female,10,6,,,,
5AAA1,"24B-GAL4/Tm3,sb",36304/III,1,5A,3,,6/18/2014,Male,6,11,,,,
5AAA1,"24B-GAL4/Tm3,sb",36304/III,1,5A,3,,6/18/2014,Female,7,5,,,,
3D3,Mhc-GAL4/TM6C,41912/II,3,3D,1,,6/23/2014,Male,8,7,,,,
3D3,Mhc-GAL4/TM6C,41912/II,3,3D,1,,6/23/2014,Female,6,7,,,,
3D4,Mhc-GAL4/TM6C,41912/II,4,3D,1,,6/23/2014,Male,10,5,,,,
3D4,Mhc-GAL4/TM6C,41912/II,4,3D,1,,6/23/2014,Female,13,6,,,,
4AA3,Mef-GAL4,32371/III,3,4A,2,,6/23/2014,Male,9,0,,,,
4AA3,Mef-GAL4,32371/III,3,4A,2,,6/23/2014,Female,5,0,,,,
4BB1,Mef-GAL4,36304/III,1,4B,2,,6/23/2014,Male,25,0,,,,
4BB1,Mef-GAL4,36304/III,1,4B,2,,6/23/2014,Female,24,0,,,,
4AAA1,Mef-GAL4,32371/III,1,4A,3,,6/23/2014,Male,19,0,,,,
4AAA1,Mef-GAL4,32371/III,1,4A,3,,6/23/2014,Female,22,0,,,,
3B5,Mhc-GAL4/TM6C,31528/III,5,3B,1,,6/24/2014,Male,12,8,,,,
3B5,Mhc-GAL4/TM6C,31528/III,5,3B,1,,6/24/2014,Female,18,3,,,,
3C4,Mhc-GAL4/TM6C,34814/III,4,3C,1,,6/24/2014,Male,13,7,,,,eye color did not correspond to wing type
3C4,Mhc-GAL4/TM6C,34814/III,4,3C,1,,6/24/2014,Female,2,13,,,,eye color did not correspond to wing type
3C5,Mhc-GAL4/TM6C,34814/III,5,3C,1,,6/24/2014,Male,7,12,,,,eye color did not correspond to wing type
3C5,Mhc-GAL4/TM6C,34814/III,5,3C,1,,6/24/2014,Female,3,11,,,,eye color did not correspond to wing type
5AA2,"24B-GAL4/Tm3,sb",36304/III,2,5A,2,,6/24/2014,Male,6,4,,,,
5AA2,"24B-GAL4/Tm3,sb",36304/III,2,5A,2,,6/24/2014,Female,4,7,,,,
5AA3,"24B-GAL4/Tm3,sb",36304/III,3,5A,2,,6/24/2014,Male,9,7,,,,
5AA3,"24B-GAL4/Tm3,sb",36304/III,3,5A,2,,6/24/2014,Female,3,5,,,,
5AAA1,"24B-GAL4/Tm3,sb",36304/III,1,5A,3,,6/24/2014,Male,10,17,,,,
5AAA1,"24B-GAL4/Tm3,sb",36304/III,1,5A,3,,6/24/2014,Female,10,9,,,,
5AAA2,"24B-GAL4/Tm3,sb",36304/III,2,5A,3,,6/24/2014,Male,7,6,,,,
5AAA2,"24B-GAL4/Tm3,sb",36304/III,2,5A,3,,6/24/2014,Female,7,12,,,,
3E2,Mhc-GAL4/TM6C,31529/III,2,3E,1,,6/24/2014,Male,14,7,,,,
3E2,Mhc-GAL4/TM6C,31529/III,2,3E,1,,6/24/2014,Female,5,4,,,,
3AA1,Mhc-GAL4/TM6C,36304/III,1,3A,2,,6/24/2014,Male,2,7,,,,
3AA1,Mhc-GAL4/TM6C,36304/III,1,3A,2,,6/24/2014,Female,5,2,,,,
4BB1,Mef-GAL4,36304/III,1,4B,2,,6/24/2014,Male,13,0,,,,
4BB1,Mef-GAL4,36304/III,1,4B,2,,6/24/2014,Female,10,0,,,,
3D4,Mhc-GAL4/TM6C,41912/II,4,3D,1,,6/25/2014,Male,4,9,,,,
3D4,Mhc-GAL4/TM6C,41912/II,4,3D,1,,6/25/2014,Female,8,4,,,,
5AAA2,"24B-GAL4/Tm3,sb",36304/III,2,5A,3,,6/25/2014,Male,8,4,,,,
5AAA2,"24B-GAL4/Tm3,sb",36304/III,2,5A,3,,6/25/2014,Female,5,5,,,,
3E3,Mhc-GAL4/TM6C,31529/III,3,3E,1,,6/25/2014,Male,8,4,,,,
3E3,Mhc-GAL4/TM6C,31529/III,3,3E,1,,6/25/2014,Female,8,8,,,,
3AA2,Mhc-GAL4/TM6C,36304/III,2,3A,2,,6/25/2014,Male,10,8,,,,
3AA2,Mhc-GAL4/TM6C,36304/III,2,3A,2,,6/25/2014,Female,5,6,,,,
4BB1,Mef-GAL4,36304/III,1,4B,2,,6/25/2014,Male,12,0,,,,
4BB1,Mef-GAL4,36304/III,1,4B,2,,6/25/2014,Female,7,0,,,,
4AAA1,Mef-GAL4,32371/III,1,4A,3,,6/25/2014,Male,14,0,,,,
4AAA1,Mef-GAL4,32371/III,1,4A,3,,6/25/2014,Female,13,0,,,,
1A1,Hand-GAL4,36304/III,1,1A,1,,6/25/2014,Male,9,0,,,,
1A1,Hand-GAL4,36304/III,1,1A,1,,6/25/2014,Female,17,0,,,,
4BBB1,Mef-GAL4,36304/III,1,4B,3,,6/25/2014,Male,19,0,,,,
4BBB1,Mef-GAL4,36304/III,1,4B,3,,6/25/2014,Female,28,0,,,,
3BB1,Mhc-GAL4/TM6C,31528/III,1,3B,2,,6/25/2014,Male,12,9,,,,
3BB1,Mhc-GAL4/TM6C,31528/III,1,3B,2,,6/25/2014,Female,13,11,,,,
4D1,Mef-GAL4,31039/III,1,4D,1,,6/25/2014,Male,3,0,,,,
4D1,Mef-GAL4,31039/III,1,4D,1,,6/25/2014,Female,12,0,,,,
3A4,Mhc-GAL4/TM6C,36304/III,4,3A,1,,6/26/2014,Male,5,3,,,,
3A4,Mhc-GAL4/TM6C,36304/III,4,3A,1,,6/26/2014,Female,2,0,,,,
3B4,Mhc-GAL4/TM6C,31528/III,4,3B,1,,6/26/2014,Male,1,5,,,,
3B4,Mhc-GAL4/TM6C,31528/III,4,3B,1,,6/26/2014,Female,3,2,,,,
4BB1,Mef-GAL4,36304/III,1,4B,2,,6/26/2014,Male,5,0,,,,
4BB1,Mef-GAL4,36304/III,1,4B,2,,6/26/2014,Female,7,0,,,,
4AAA1,Mef-GAL4,32371/III,1,4A,3,,6/26/2014,Male,6,0,,,,
4AAA1,Mef-GAL4,32371/III,1,4A,3,,6/26/2014,Female,22,0,,,,
1A1,Hand-GAL4,36304/III,1,1A,1,,6/26/2014,Male,11,0,,,,
1A1,Hand-GAL4,36304/III,1,1A,1,,6/26/2014,Female,14,0,,,,
4BBB1,Mef-GAL4,36304/III,1,4B,3,,6/26/2014,Male,13,0,,,,
4BBB1,Mef-GAL4,36304/III,1,4B,3,,6/26/2014,Female,11,0,,,,
3BB1,Mhc-GAL4/TM6C,31528/III,1,3B,2,,6/26/2014,Male,6,5,,,,
3BB1,Mhc-GAL4/TM6C,31528/III,1,3B,2,,6/26/2014,Female,7,10,,,,
4D1,Mef-GAL4,31039/III,1,4D,1,,6/26/2014,Male,17,0,,,,
4D1,Mef-GAL4,31039/III,1,4D,1,,6/26/2014,Female,5,0,,,,
3A5,Mhc-GAL4/TM6C,36304/III,5,3A,1,,6/27/2014,Male,4,1,,,,
3A5,Mhc-GAL4/TM6C,36304/III,5,3A,1,,6/27/2014,Female,3,3,,,,
3B5,Mhc-GAL4/TM6C,31528/III,5,3B,1,,6/27/2014,Male,7,4,,,,
3B5,Mhc-GAL4/TM6C,31528/III,5,3B,1,,6/27/2014,Female,4,2,,,,
3E3,Mhc-GAL4/TM6C,31529/III,3,3E,1,,6/27/2014,Male,6,8,,,,
3E3,Mhc-GAL4/TM6C,31529/III,3,3E,1,,6/27/2014,Female,7,3,,,,
4AAA1,Mef-GAL4,32371/III,1,4A,3,,6/27/2014,Male,10,0,,,,
4AAA1,Mef-GAL4,32371/III,1,4A,3,,6/27/2014,Female,6,0,,,,
1A1,Hand-GAL4,36304/III,1,1A,1,,6/27/2014,Male,9,0,,,,
1A1,Hand-GAL4,36304/III,1,1A,1,,6/27/2014,Female,9,0,,,,
4E1,Mef-GAL4,31314/III,1,4E,1,,6/27/2014,Male,4,0,,,,
4E1,Mef-GAL4,31314/III,1,4E,1,,6/27/2014,Female,14,0,,,,
3D4,Mhc-GAL4/TM6C,41912/II,4,3D,1,,6/30/2014,Male,1,1,,,,
3D4,Mhc-GAL4/TM6C,41912/II,4,3D,1,,6/30/2014,Female,1,1,,,,
4BB2,Mef-GAL4,36304/III,2,4B,2,,6/30/2014,Male,14,0,,,,
4BB2,Mef-GAL4,36304/III,2,4B,2,,6/30/2014,Female,21,0,,,,
4AAA2,Mef-GAL4,32371/III,2,4A,3,,6/30/2014,Male,32,0,,,,
4AAA2,Mef-GAL4,32371/III,2,4A,3,,6/30/2014,Female,32,0,,,,
1A1,Hand-GAL4,36304/III,1,1A,1,,6/30/2014,Male,12,0,,,,
1A1,Hand-GAL4,36304/III,1,1A,1,,6/30/2014,Female,22,0,,,,
4BBB1,Mef-GAL4,36304/III,1,4B,3,,6/30/2014,Male,18,0,,,,
4BBB1,Mef-GAL4,36304/III,1,4B,3,,6/30/2014,Female,20,0,,,,
3BB1,Mhc-GAL4/TM6C,31528/III,1,3B,2,,6/30/2014,Male,8,11,,,,
3BB1,Mhc-GAL4/TM6C,31528/III,1,3B,2,,6/30/2014,Female,10,7,,,,
4D1,Mef-GAL4,31039/III,1,4D,1,,6/30/2014,Male,20,0,,,,
4D1,Mef-GAL4,31039/III,1,4D,1,,6/30/2014,Female,34,0,,,,
1AA1,Hand-GAL4,36304/III,1,1A,2,,6/30/2014,Male,44,0,,,,
1AA1,Hand-GAL4,36304/III,1,1A,2,,6/30/2014,Female,37,0,,,,
4E1,Mef-GAL4,31314/III,1,4E,1,,6/30/2014,Male,29,0,,,,
4E1,Mef-GAL4,31314/III,1,4E,1,,6/30/2014,Female,33,0,,,,
4DD1,Mef-GAL4,31039/III,1,4D,2,,6/30/2014,Male,18,0,,,,
4DD1,Mef-GAL4,31039/III,1,4D,2,,6/30/2014,Female,34,0,,,,
3EE1,Mhc-GAL4/TM6C,31529/III,1,3E,2,,6/30/2014,Male,6,8,,,,
3EE1,Mhc-GAL4/TM6C,31529/III,1,3E,2,,6/30/2014,Female,9,7,,,,
2B1,C179-GAL4,32371/III,1,2B,1,,6/30/2014,Male,50,0,,,,
2B1,C179-GAL4,32371/III,1,2B,1,,6/30/2014,Female,42,0,,,,
4EE1,Mef-GAL4,31314/III,1,4E,2,,6/30/2014,Male,17,0,,,,
4EE1,Mef-GAL4,31314/III,1,4E,2,,6/30/2014,Female,30,0,,,,
3CC1,Mhc-GAL4/TM6C,34814/III,1,3C,2,,6/30/2014,Male,12,8,,,,
3CC1,Mhc-GAL4/TM6C,34814/III,1,3C,2,,6/30/2014,Female,12,13,,,,
2A1,C179-GAL4,36304/III,1,2A,1,,6/30/2014,Male,17,0,,,,
2A1,C179-GAL4,36304/III,1,2A,1,,6/30/2014,Female,17,0,,,,
4DDD1,Mef-GAL4,31039/III,1,4D,3,,6/30/2014,Male,16,0,,,,
4DDD1,Mef-GAL4,31039/III,1,4D,3,,6/30/2014,Female,20,0,,,,
4EEE1,Mef-GAL4,31314/III,1,4E,3,,6/30/2014,Male,24,0,,,,
4EEE1,Mef-GAL4,31314/III,1,4E,3,,6/30/2014,Female,30,0,,,,
5B1,"24B-GAL4/Tm3,sb",35137/III,1,5B,1,,6/30/2014,Male,0,13,,,,
5B1,"24B-GAL4/Tm3,sb",35137/III,1,5B,1,,6/30/2014,Female,5,13,,,,
2C1,C179-GAL4,35137/III,1,2C,1,,6/30/2014,Male,11,0,,,,
2C1,C179-GAL4,35137/III,1,2C,1,,6/30/2014,Female,8,0,,,,
3C5,Mhc-GAL4/TM6C,34814/III,5,3C,1,,7/1/2014,Male,1,4,,,,eye color did not correspond to wing type
3C5,Mhc-GAL4/TM6C,34814/III,5,3C,1,,7/1/2014,Female,1,5,,,,eye color did not correspond to wing type
3D5,Mhc-GAL4/TM6C,41912/II,5,3D,1,,7/1/2014,Male,4,6,,,,
3D5,Mhc-GAL4/TM6C,41912/II,5,3D,1,,7/1/2014,Female,4,8,,,,
4AA3,Mef-GAL4,32371/III,3,4A,2,,7/1/2014,Male,3,0,,,,
4AA3,Mef-GAL4,32371/III,3,4A,2,,7/1/2014,Female,7,0,,,,
5AA3,"24B-GAL4/Tm3,sb",36304/III,3,5A,2,,7/1/2014,Male,4,3,,,,
5AA3,"24B-GAL4/Tm3,sb",36304/III,3,5A,2,,7/1/2014,Female,5,5,,,,
5AAA2,"24B-GAL4/Tm3,sb",36304/III,2,5A,3,,7/1/2014,Male,5,8,,,,
5AAA2,"24B-GAL4/Tm3,sb",36304/III,2,5A,3,,7/1/2014,Female,8,6,,,,
5AAA3,"24B-GAL4/Tm3,sb",36304/III,3,5A,3,,7/1/2014,Male,2,8,,,,
5AAA3,"24B-GAL4/Tm3,sb",36304/III,3,5A,3,,7/1/2014,Female,10,6,,,,
3E3,Mhc-GAL4/TM6C,31529/III,3,3E,1,,7/1/2014,Male,4,7,,,,
3E3,Mhc-GAL4/TM6C,31529/III,3,3E,1,,7/1/2014,Female,2,8,,,,
3AA2,Mhc-GAL4/TM6C,36304/III,2,3A,2,,7/1/2014,Male,1,1,,,,
3AA2,Mhc-GAL4/TM6C,36304/III,2,3A,2,,7/1/2014,Female,6,5,,,,
4BB1,Mef-GAL4,36304/III,1,4B,2,,7/1/2014,Male,16,0,,,,
4BB1,Mef-GAL4,36304/III,1,4B,2,,7/1/2014,Female,18,0,,,,
4AAA1,Mef-GAL4,32371/III,1,4A,3,,7/1/2014,Male,13,0,,,,
4AAA1,Mef-GAL4,32371/III,1,4A,3,,7/1/2014,Female,8,0,,,,
4AAA2,Mef-GAL4,32371/III,2,4A,3,,7/1/2014,Male,9,0,,,,
4AAA2,Mef-GAL4,32371/III,2,4A,3,,7/1/2014,Female,12,0,,,,
4BBB2,Mef-GAL4,36304/III,2,4B,3,,7/1/2014,Male,19,0,,,,
4BBB2,Mef-GAL4,36304/III,2,4B,3,,7/1/2014,Female,28,0,,,,
4D2,Mef-GAL4,31039/III,2,4D,1,,7/1/2014,Male,13,0,,,,
4D2,Mef-GAL4,31039/III,2,4D,1,,7/1/2014,Female,14,0,,,,
4E1,Mef-GAL4,31314/III,1,4E,1,,7/1/2014,Male,10,0,,,,
4E1,Mef-GAL4,31314/III,1,4E,1,,7/1/2014,Female,10,0,,,,
3EE1,Mhc-GAL4/TM6C,31529/III,1,3E,2,,7/1/2014,Male,6,9,,,,
3EE1,Mhc-GAL4/TM6C,31529/III,1,3E,2,,7/1/2014,Female,6,7,,,,
2A1,C179-GAL4,36304/III,1,2A,1,,7/1/2014,Male,15,0,,,,
2A1,C179-GAL4,36304/III,1,2A,1,,7/1/2014,Female,5,0,,,,
4EEE1,Mef-GAL4,31314/III,1,4E,3,,7/1/2014,Male,9,0,,,,
4EEE1,Mef-GAL4,31314/III,1,4E,3,,7/1/2014,Female,10,0,,,,
3BBB1,Mhc-GAL4/TM6C,31528/III,1,3B,3,,7/1/2014,Male,14,7,,,,
3BBB1,Mhc-GAL4/TM6C,31528/III,1,3B,3,,7/1/2014,Female,9,7,,,,
2C1,C179-GAL4,35137/III,1,2C,1,,7/1/2014,Male,11,0,,,,
2C1,C179-GAL4,35137/III,1,2C,1,,7/1/2014,Female,14,0,,,,
3E4,Mhc-GAL4/TM6C,31529/III,4,3E,1,,7/2/2014,Male,7,7,,,,
3E4,Mhc-GAL4/TM6C,31529/III,4,3E,1,,7/2/2014,Female,11,9,,,,
3AA3,Mhc-GAL4/TM6C,36304/III,3,3A,2,,7/2/2014,Male,7,8,,,,
3AA3,Mhc-GAL4/TM6C,36304/III,3,3A,2,,7/2/2014,Female,8,6,,,,
1A1,Hand-GAL4,36304/III,1,1A,1,,7/2/2014,Male,8,0,,,,
1A1,Hand-GAL4,36304/III,1,1A,1,,7/2/2014,Female,13,0,,,,
1A2,Hand-GAL4,36304/III,2,1A,1,,7/2/2014,Male,15,0,,,,
1A2,Hand-GAL4,36304/III,2,1A,1,,7/2/2014,Female,9,0,,,,
4BBB2,Mef-GAL4,36304/III,2,4B,3,,7/2/2014,Male,25,0,,,,
4BBB2,Mef-GAL4,36304/III,2,4B,3,,7/2/2014,Female,14,0,,,,
3BB2,Mhc-GAL4/TM6C,31528/III,2,3B,2,,7/2/2014,Male,17,15,,,,
3BB2,Mhc-GAL4/TM6C,31528/III,2,3B,2,,7/2/2014,Female,22,5,,,,
1AA1,Hand-GAL4,36304/III,1,1A,2,,7/2/2014,Male,13,0,,,,
1AA1,Hand-GAL4,36304/III,1,1A,2,,7/2/2014,Female,13,0,,,,
2B1,C179-GAL4,32371/III,1,2B,1,,7/2/2014,Male,14,0,,,,
2B1,C179-GAL4,32371/III,1,2B,1,,7/2/2014,Female,11,0,,,,
4EE1,Mef-GAL4,31314/III,1,4E,2,,7/2/2014,Male,12,0,,,,
4EE1,Mef-GAL4,31314/III,1,4E,2,,7/2/2014,Female,10,0,,,,
4DDD1,Mef-GAL4,31039/III,1,4D,3,,7/2/2014,Male,15,0,,,,
4DDD1,Mef-GAL4,31039/III,1,4D,3,,7/2/2014,Female,16,0,,,,
3A5,Mhc-GAL4/TM6C,36304/III,5,3A,1,,7/3/2014,Male,0,1,,,,
3A5,Mhc-GAL4/TM6C,36304/III,5,3A,1,,7/3/2014,Female,0,0,,,,
3B5,Mhc-GAL4/TM6C,31528/III,5,3B,1,,7/3/2014,Male,2,0,,,,
3B5,Mhc-GAL4/TM6C,31528/III,5,3B,1,,7/3/2014,Female,0,0,,,,
4CCC2,Mef-GAL4,35137/III,2,4C,3,,7/3/2014,Male,0,0,,,,
4CCC2,Mef-GAL4,35137/III,2,4C,3,,7/3/2014,Female,3,0,,,,
4BBB1,Mef-GAL4,36304/III,1,4B,3,,7/3/2014,Male,12,0,,,,
4BBB1,Mef-GAL4,36304/III,1,4B,3,,7/3/2014,Female,8,0,,,,
3BB1,Mhc-GAL4/TM6C,31528/III,1,3B,2,,7/3/2014,Male,0,2,,,,
3BB1,Mhc-GAL4/TM6C,31528/III,1,3B,2,,7/3/2014,Female,3,2,,,,
4D1,Mef-GAL4,31039/III,1,4D,1,,7/3/2014,Male,3,0,,,,
4D1,Mef-GAL4,31039/III,1,4D,1,,7/3/2014,Female,5,0,,,,
1AA1,Hand-GAL4,36304/III,1,1A,2,,7/3/2014,Male,6,0,,,,
1AA1,Hand-GAL4,36304/III,1,1A,2,,7/3/2014,Female,5,0,,,,
4E1,Mef-GAL4,31314/III,1,4E,1,,7/3/2014,Male,4,0,,,,
4E1,Mef-GAL4,31314/III,1,4E,1,,7/3/2014,Female,3,0,,,,
4DD1,Mef-GAL4,31039/III,1,4D,2,,7/3/2014,Male,6,0,,,,
4DD1,Mef-GAL4,31039/III,1,4D,2,,7/3/2014,Female,12,0,,,,
3CC1,Mhc-GAL4/TM6C,34814/III,1,3C,2,,7/3/2014,Male,7,10,,,,
3CC1,Mhc-GAL4/TM6C,34814/III,1,3C,2,,7/3/2014,Female,7,7,,,,
2A1,C179-GAL4,36304/III,1,2A,1,,7/3/2014,Male,25,0,,,,
2A1,C179-GAL4,36304/III,1,2A,1,,7/3/2014,Female,15,0,,,,
4EEE1,Mef-GAL4,31314/III,1,4E,3,,7/3/2014,Male,11,0,,,,
4EEE1,Mef-GAL4,31314/III,1,4E,3,,7/3/2014,Female,11,0,,,,
3BBB1,Mhc-GAL4/TM6C,31528/III,1,3B,3,,7/3/2014,Male,12,14,,,,
3BBB1,Mhc-GAL4/TM6C,31528/III,1,3B,3,,7/3/2014,Female,14,14,,,,
5B1,"24B-GAL4/Tm3,sb",35137/III,1,5B,1,,7/3/2014,Male,2,11,,,,
5B1,"24B-GAL4/Tm3,sb",35137/III,1,5B,1,,7/3/2014,Female,3,15,,,,
2C1,C179-GAL4,35137/III,1,2C,1,,7/3/2014,Male,23,0,,,,
2C1,C179-GAL4,35137/III,1,2C,1,,7/3/2014,Female,27,0,,,,
3AAA1,Mhc-GAL4/TM6C,36304/III,1,3A,3,,7/3/2014,Male,10,12,,,,
3AAA1,Mhc-GAL4/TM6C,36304/III,1,3A,3,,7/3/2014,Female,7,12,,,,
2BB1,C179-GAL4,32371/III,1,2B,2,,7/3/2014,Male,17,0,,,,
2BB1,C179-GAL4,32371/III,1,2B,2,,7/3/2014,Female,26,0,,,,
2AA1,C179-GAL4,36304/III,1,2A,2,,7/3/2014,Male,18,0,,,,
2AA1,C179-GAL4,36304/III,1,2A,2,,7/3/2014,Female,29,0,,,,
3DD1,Mhc-GAL4/TM6C,41912/II,1,3D,2,,7/3/2014,Male,13,18,,,,some red eyes had curly wings
3DD1,Mhc-GAL4/TM6C,41912/II,1,3D,2,,7/3/2014,Female,11,18,,,,some red eyes had curly wings
3D5,Mhc-GAL4/TM6C,41912/II,5,3D,1,,7/7/2014,Male,0,1,,,,
3D5,Mhc-GAL4/TM6C,41912/II,5,3D,1,,7/7/2014,Female,1,1,,,,
4CCC3,Mef-GAL4,35137/III,3,4C,3,,7/7/2014,Male,1,0,,,,
4CCC3,Mef-GAL4,35137/III,3,4C,3,,7/7/2014,Female,0,0,,,,
1A2,Hand-GAL4,36304/III,2,1A,1,,7/7/2014,Male,21,0,,,,
1A2,Hand-GAL4,36304/III,2,1A,1,,7/7/2014,Female,20,0,,,,
4BBB2,Mef-GAL4,36304/III,2,4B,3,,7/7/2014,Male,13,0,,,,
4BBB2,Mef-GAL4,36304/III,2,4B,3,,7/7/2014,Female,14,0,,,,
3BB2,Mhc-GAL4/TM6C,31528/III,2,3B,2,,7/7/2014,Male,2,19,,,,
3BB2,Mhc-GAL4/TM6C,31528/III,2,3B,2,,7/7/2014,Female,13,25,,,,
4D2,Mef-GAL4,31039/III,2,4D,1,,7/7/2014,Male,16,0,,,,
4D2,Mef-GAL4,31039/III,2,4D,1,,7/7/2014,Female,14,0,,,,
1AA2,Hand-GAL4,36304/III,2,1A,2,,7/7/2014,Male,28,0,,,,
1AA2,Hand-GAL4,36304/III,2,1A,2,,7/7/2014,Female,38,0,,,,
4E2,Mef-GAL4,31314/III,2,4E,1,,7/7/2014,Male,14,0,,,,
4E2,Mef-GAL4,31314/III,2,4E,1,,7/7/2014,Female,26,0,,,,
4DD2,Mef-GAL4,31039/III,2,4D,2,,7/7/2014,Male,21,0,,,,
4DD2,Mef-GAL4,31039/III,2,4D,2,,7/7/2014,Female,49,0,,,,
3EE1,Mhc-GAL4/TM6C,31529/III,1,3E,2,,7/7/2014,Male,16,11,,,,
3EE1,Mhc-GAL4/TM6C,31529/III,1,3E,2,,7/7/2014,Female,15,12,,,,
3EE2,Mhc-GAL4/TM6C,31529/III,2,3E,2,,7/7/2014,Male,34,13,,,,
3EE2,Mhc-GAL4/TM6C,31529/III,2,3E,2,,7/7/2014,Female,31,7,,,,
2B1,C179-GAL4,32371/III,1,2B,1,,7/7/2014,Male,21,0,,,,
2B1,C179-GAL4,32371/III,1,2B,1,,7/7/2014,Female,30,0,,,,
2B2,C179-GAL4,32371/III,2,2B,1,,7/7/2014,Male,40,0,,,,
2B2,C179-GAL4,32371/III,2,2B,1,,7/7/2014,Female,51,0,,,,
4EE1,Mef-GAL4,31314/III,1,4E,2,,7/7/2014,Male,9,0,,,,
4EE1,Mef-GAL4,31314/III,1,4E,2,,7/7/2014,Female,16,0,,,,
4EE2,Mef-GAL4,31314/III,2,4E,2,,7/7/2014,Male,37,0,,,,
4EE2,Mef-GAL4,31314/III,2,4E,2,,7/7/2014,Female,34,0,,,,
2A2,C179-GAL4,36304/III,2,2A,1,,7/7/2014,Male,50,0,,,,
2A2,C179-GAL4,36304/III,2,2A,1,,7/7/2014,Female,47,0,,,,
3BBB1,Mhc-GAL4/TM6C,31528/III,1,3B,3,,7/7/2014,Male,15,8,,,,
3BBB1,Mhc-GAL4/TM6C,31528/III,1,3B,3,,7/7/2014,Female,8,2,,,,
5B2,"24B-GAL4/Tm3,sb",35137/III,2,5B,1,,7/7/2014,Male,1,15,,,,
5B2,"24B-GAL4/Tm3,sb",35137/III,2,5B,1,,7/7/2014,Female,9,13,,,,
2C1,C179-GAL4,35137/III,1,2C,1,,7/7/2014,Male,27,0,,,,
2C1,C179-GAL4,35137/III,1,2C,1,,7/7/2014,Female,23,0,,,,
2C2,C179-GAL4,35137/III,2,2C,1,,7/7/2014,Male,22,0,,,,
2C2,C179-GAL4,35137/III,2,2C,1,,7/7/2014,Female,28,0,,,,
3AAA1,Mhc-GAL4/TM6C,36304/III,1,3A,3,,7/7/2014,Male,11,7,,,,
3AAA1,Mhc-GAL4/TM6C,36304/III,1,3A,3,,7/7/2014,Female,7,16,,,,
4AA4,Mef-GAL4,32371/III,4,4A,2,,7/8/2014,Male,9,0,,,,
4AA4,Mef-GAL4,32371/III,4,4A,2,,7/8/2014,Female,6,0,,,,
5AA4,"24B-GAL4/Tm3,sb",36304/III,4,5A,2,,7/8/2014,Male,6,4,,,,
5AA4,"24B-GAL4/Tm3,sb",36304/III,4,5A,2,,7/8/2014,Female,11,0,,,,1 red eye was sb
5AAA3,"24B-GAL4/Tm3,sb",36304/III,3,5A,3,,7/8/2014,Male,0,5,,,,
5AAA3,"24B-GAL4/Tm3,sb",36304/III,3,5A,3,,7/8/2014,Female,9,2,,,,
3E4,Mhc-GAL4/TM6C,31529/III,4,3E,1,,7/8/2014,Male,1,1,,,,
3E4,Mhc-GAL4/TM6C,31529/III,4,3E,1,,7/8/2014,Female,0,1,,,,
3AA3,Mhc-GAL4/TM6C,36304/III,3,3A,2,,7/8/2014,Male,2,2,,,,
3AA3,Mhc-GAL4/TM6C,36304/III,3,3A,2,,7/8/2014,Female,1,1,,,,
4BB2,Mef-GAL4,36304/III,2,4B,2,,7/8/2014,Male,9,0,,,,
4BB2,Mef-GAL4,36304/III,2,4B,2,,7/8/2014,Female,3,0,,,,
4AAA2,Mef-GAL4,32371/III,2,4A,3,,7/8/2014,Male,18,0,,,,
4AAA2,Mef-GAL4,32371/III,2,4A,3,,7/8/2014,Female,19,0,,,,
2B2,C179-GAL4,32371/III,2,2B,1,,7/8/2014,Male,9,0,,,,
2B2,C179-GAL4,32371/III,2,2B,1,,7/8/2014,Female,9,0,,,,
3CC1,Mhc-GAL4/TM6C,34814/III,1,3C,2,,7/8/2014,Male,8,12,,,,
3CC1,Mhc-GAL4/TM6C,34814/III,1,3C,2,,7/8/2014,Female,9,8,,,,
2A1,C179-GAL4,36304/III,1,2A,1,,7/8/2014,Male,29,0,,,,
2A1,C179-GAL4,36304/III,1,2A,1,,7/8/2014,Female,15,0,,,,
4DDD1,Mef-GAL4,31039/III,1,4D,3,,7/8/2014,Male,6,0,,,,
4DDD1,Mef-GAL4,31039/III,1,4D,3,,7/8/2014,Female,11,0,,,,
4EEE1,Mef-GAL4,31314/III,1,4E,3,,7/8/2014,Male,15,0,,,,
4EEE1,Mef-GAL4,31314/III,1,4E,3,,7/8/2014,Female,11,0,,,,
2C2,C179-GAL4,35137/III,2,2C,1,,7/8/2014,Male,31,0,,,,
2C2,C179-GAL4,35137/III,2,2C,1,,7/8/2014,Female,30,0,,,,
2BB1,C179-GAL4,32371/III,1,2B,2,,7/8/2014,Male,37,0,,,,
2BB1,C179-GAL4,32371/III,1,2B,2,,7/8/2014,Female,30,0,,,,
2BB2,C179-GAL4,32371/III,2,2B,2,,7/8/2014,Male,11,0,,,,
2BB2,C179-GAL4,32371/III,2,2B,2,,7/8/2014,Female,12,0,,,,
2AA1,C179-GAL4,36304/III,1,2A,2,,7/8/2014,Male,37,0,,,,
2AA1,C179-GAL4,36304/III,1,2A,2,,7/8/2014,Female,42,0,,,,
2AA2,C179-GAL4,36304/III,2,2A,2,,7/8/2014,Male,5,0,,,,
2AA2,C179-GAL4,36304/III,2,2A,2,,7/8/2014,Female,32,0,,,,
3DD1,Mhc-GAL4/TM6C,41912/II,1,3D,2,,7/8/2014,Male,7,8,,,,some red eyed had curly wings
3DD1,Mhc-GAL4/TM6C,41912/II,1,3D,2,,7/8/2014,Female,10,12,,,,some red eyed had curly wings
3DD2,Mhc-GAL4/TM6C,41912/II,2,3D,2,,7/8/2014,Male,10,7,,,,
3DD2,Mhc-GAL4/TM6C,41912/II,2,3D,2,,7/8/2014,Female,11,11,,,,
5C1,"24B-GAL4/Tm3,sb",32371/III,1,5C,1,,7/8/2014,Male,16,28,,,,
5C1,"24B-GAL4/Tm3,sb",32371/III,1,5C,1,,7/8/2014,Female,27,29,,,,
2AAA1,C179-GAL4,36304/III,1,2A,3,,7/8/2014,Male,39,0,,,,
2AAA1,C179-GAL4,36304/III,1,2A,3,,7/8/2014,Female,35,0,,,,
3EEE1,Mhc-GAL4/TM6C,31529/III,1,3E,3,,7/8/2014,Male,20,12,,,,
3EEE1,Mhc-GAL4/TM6C,31529/III,1,3E,3,,7/8/2014,Female,11,22,,,,
1AAA1,Hand-GAL4,36304/III,1,1A,3,,7/8/2014,Male,36,0,,,,
1AAA1,Hand-GAL4,36304/III,1,1A,3,,7/8/2014,Female,31,0,,,,
2CCC1,C179-GAL4,35137/III,1,2C,3,,7/8/2014,Male,42,0,,,,
2CCC1,C179-GAL4,35137/III,1,2C,3,,7/8/2014,Female,59,0,,,,
3DDD1,Mhc-GAL4/TM6C,41912/II,1,3D,3,,7/8/2014,Male,18,26,,,,some red eyed had curly wings
3DDD1,Mhc-GAL4/TM6C,41912/II,1,3D,3,,7/8/2014,Female,10,32,,,,some red eyed had curly wings
2CC1,C179-GAL4,35137/III,1,2C,2,,7/8/2014,Male,45,0,,,,
2CC1,C179-GAL4,35137/III,1,2C,2,,7/8/2014,Female,60,0,,,,
2BBB1,C179-GAL4,32371/III,1,2B,3,,7/8/2014,Male,33,0,,,,
2BBB1,C179-GAL4,32371/III,1,2B,3,,7/8/2014,Female,35,0,,,,
3F1,Mhc-GAL4/TM6C,31039/III,1,3F,1,,7/8/2014,Male,12,6,,,,
3F1,Mhc-GAL4/TM6C,31039/III,1,3F,1,,7/8/2014,Female,20,5,,,,
5CC1,"24B-GAL4/Tm3,sb",32371/III,1,5C,2,,7/8/2014,Male,15,17,,,,
5CC1,"24B-GAL4/Tm3,sb",32371/III,1,5C,2,,7/8/2014,Female,9,15,,,,
3D6,Mhc-GAL4/TM6C,41912/II,6,3D,1,,7/9/2014,Male,7,3,,,,
3D6,Mhc-GAL4/TM6C,41912/II,6,3D,1,,7/9/2014,Female,8,8,,,,
1A2,Hand-GAL4,36304/III,2,1A,1,,7/9/2014,Male,3,0,,,,
1A2,Hand-GAL4,36304/III,2,1A,1,,7/9/2014,Female,1,0,,,,
3BBB1,Mhc-GAL4/TM6C,31528/III,1,3B,3,,7/9/2014,Male,4,4,,,,
3BBB1,Mhc-GAL4/TM6C,31528/III,1,3B,3,,7/9/2014,Female,1,1,,,,
5B1,"24B-GAL4/Tm3,sb",35137/III,1,5B,1,,7/9/2014,Male,0,10,,,,
5B1,"24B-GAL4/Tm3,sb",35137/III,1,5B,1,,7/9/2014,Female,1,15,,,,
2C1,C179-GAL4,35137/III,1,2C,1,,7/9/2014,Male,11,0,,,,
2C1,C179-GAL4,35137/III,1,2C,1,,7/9/2014,Female,8,0,,,,
2AA2,C179-GAL4,36304/III,2,2A,2,,7/9/2014,Male,34,0,,,,
2AA2,C179-GAL4,36304/III,2,2A,2,,7/9/2014,Female,19,0,,,,
2BBB1,C179-GAL4,32371/III,1,2B,3,,7/9/2014,Male,13,0,,,,
2BBB1,C179-GAL4,32371/III,1,2B,3,,7/9/2014,Female,10,0,,,,
4HH1,Mef-GAL4,31529/III,1,4H,2,,7/9/2014,Male,5,0,,,,
4HH1,Mef-GAL4,31529/III,1,4H,2,,7/9/2014,Female,14,0,,,,
4H1,Mef-GAL4,31529/III,1,4H,1,,7/10/2014,Male,5,0,,,,
4H1,Mef-GAL4,31529/III,1,4H,1,,7/10/2014,Female,9,0,,,,
3F1,Mhc-GAL4/TM6C,31039/III,1,3F,1,,7/10/2014,Male,9,26,,,,
3F1,Mhc-GAL4/TM6C,31039/III,1,3F,1,,7/10/2014,Female,10,16,,,,
5BB1,"24B-GAL4/Tm3,sb",35137/III,1,5B,2,,7/10/2014,Male,0,15,,,,
5BB1,"24B-GAL4/Tm3,sb",35137/III,1,5B,2,,7/10/2014,Female,5,17,,,,
3FF1,Mhc-GAL4/TM6C,31039/III,1,3F,2,,7/10/2014,Male,14,10,,,,
3FF1,Mhc-GAL4/TM6C,31039/III,1,3F,2,,7/10/2014,Female,16,11,,,,
4CCC3,Mef-GAL4,35137/III,3,4C,3,,7/11/2014,Male,1,0,,,,
4CCC3,Mef-GAL4,35137/III,3,4C,3,,7/11/2014,Female,0,0,,,,
5B2,"24B-GAL4/Tm3,sb",35137/III,2,5B,1,,7/11/2014,Male,3,7,,,,
5B2,"24B-GAL4/Tm3,sb",35137/III,2,5B,1,,7/11/2014,Female,3,11,,,,
5C1,"24B-GAL4/Tm3,sb",32371/III,1,5C,1,,7/11/2014,Male,3,8,,,,
5C1,"24B-GAL4/Tm3,sb",32371/III,1,5C,1,,7/11/2014,Female,5,6,,,,
5C2,"24B-GAL4/Tm3,sb",32371/III,2,5C,1,,7/11/2014,Male,8,10,,,,
5C2,"24B-GAL4/Tm3,sb",32371/III,2,5C,1,,7/11/2014,Female,15,5,,,,
3F1,Mhc-GAL4/TM6C,31039/III,1,3F,1,,7/11/2014,Male,6,6,,,,
3F1,Mhc-GAL4/TM6C,31039/III,1,3F,1,,7/11/2014,Female,6,4,,,,
5CC1,"24B-GAL4/Tm3,sb",32371/III,1,5C,2,,7/11/2014,Male,12,11,,,,
5CC1,"24B-GAL4/Tm3,sb",32371/III,1,5C,2,,7/11/2014,Female,8,11,,,,
5BB1,"24B-GAL4/Tm3,sb",35137/III,1,5B,2,,7/11/2014,Male,0,8,,,,
5BB1,"24B-GAL4/Tm3,sb",35137/III,1,5B,2,,7/11/2014,Female,2,6,,,,
3FF1,Mhc-GAL4/TM6C,31039/III,1,3F,2,,7/11/2014,Male,8,16,,,,
3FF1,Mhc-GAL4/TM6C,31039/III,1,3F,2,,7/11/2014,Female,11,13,,,,
5C1,"24B-GAL4/Tm3,sb",32371/III,1,5C,1,,7/14/2014,Male,4,5,,,,
5C1,"24B-GAL4/Tm3,sb",32371/III,1,5C,1,,7/14/2014,Female,5,2,,,,
4HH2,Mef-GAL4,31529/III,2,4H,2,,7/14/2014,Male,7,0,,,,
4HH2,Mef-GAL4,31529/III,2,4H,2,,7/14/2014,Female,10,0,,,,
3F1,Mhc-GAL4/TM6C,31039/III,1,3F,1,,7/14/2014,Male,7,12,,,,
3F1,Mhc-GAL4/TM6C,31039/III,1,3F,1,,7/14/2014,Female,8,9,,,,
5CC2,"24B-GAL4/Tm3,sb",32371/III,2,5C,2,,7/14/2014,Male,20,18,,,,
5CC2,"24B-GAL4/Tm3,sb",32371/III,2,5C,2,,7/14/2014,Female,21,17,,,,
5BB2,"24B-GAL4/Tm3,sb",35137/III,2,5B,2,,7/14/2014,Male,5,11,,,,
5BB2,"24B-GAL4/Tm3,sb",35137/III,2,5B,2,,7/14/2014,Female,8,11,,,,
3FF1,Mhc-GAL4/TM6C,31039/III,1,3F,2,,7/14/2014,Male,16,14,,,,
3FF1,Mhc-GAL4/TM6C,31039/III,1,3F,2,,7/14/2014,Female,11,7,,,,
3FF2,Mhc-GAL4/TM6C,31039/III,2,3F,2,,7/14/2014,Male,6,6,,,,
3FF2,Mhc-GAL4/TM6C,31039/III,2,3F,2,,7/14/2014,Female,13,5,,,,
3G1,Mhc-GAL4/TM6C,"35144/Tm3,sb",1,3G,1,,7/14/2014,Male,4,,3,3,1,
3G1,Mhc-GAL4/TM6C,"35144/Tm3,sb",1,3G,1,,7/14/2014,Female,4,,7,4,2,
3FFF1,Mhc-GAL4/TM6C,31039/III,1,3F,3,,7/14/2014,Male,13,9,,,,
3FFF1,Mhc-GAL4/TM6C,31039/III,1,3F,3,,7/14/2014,Female,20,11,,,,
3H1,Mhc-GAL4/TM6C,31314/III,1,3H,1,,7/14/2014,Male,13,8,,,,
3H1,Mhc-GAL4/TM6C,31314/III,1,3H,1,,7/14/2014,Female,12,10,,,,
3GG1,Mhc-GAL4/TM6C,"35144/Tm3,sb",1,3G,2,,7/14/2014,Male,6,,7,3,3,
3GG1,Mhc-GAL4/TM6C,"35144/Tm3,sb",1,3G,2,,7/14/2014,Female,6,,6,7,3,
5C2,"24B-GAL4/Tm3,sb",32371/III,2,5C,1,,7/15/2014,Male,7,11,,,,
5C2,"24B-GAL4/Tm3,sb",32371/III,2,5C,1,,7/15/2014,Female,8,7,,,,
4HH1,Mef-GAL4,31529/III,1,4H,2,,7/15/2014,Male,6,0,,,,
4HH1,Mef-GAL4,31529/III,1,4H,2,,7/15/2014,Female,8,0,,,,
4H1,Mef-GAL4,31529/III,1,4H,1,,7/15/2014,Male,1,0,,,,
4H1,Mef-GAL4,31529/III,1,4H,1,,7/15/2014,Female,0,0,,,,
3F2,Mhc-GAL4/TM6C,31039/III,2,3F,1,,7/15/2014,Male,15,19,,,,
3F2,Mhc-GAL4/TM6C,31039/III,2,3F,1,,7/15/2014,Female,18,16,,,,
3FFF1,Mhc-GAL4/TM6C,31039/III,1,3F,3,,7/15/2014,Male,7,10,,,,
3FFF1,Mhc-GAL4/TM6C,31039/III,1,3F,3,,7/15/2014,Female,8,7,,,,
5B2,"24B-GAL4/Tm3,sb",35137/III,2,5B,1,,7/16/2014,Male,0,3,,,,
5B2,"24B-GAL4/Tm3,sb",35137/III,2,5B,1,,7/16/2014,Female,5,5,,,,
5B3,"24B-GAL4/Tm3,sb",35137/III,3,5B,1,,7/16/2014,Male,1,11,,,,
5B3,"24B-GAL4/Tm3,sb",35137/III,3,5B,1,,7/16/2014,Female,8,8,,,,
4H2,Mef-GAL4,31529/III,2,4H,1,,7/16/2014,Male,8,0,,,,
4H2,Mef-GAL4,31529/III,2,4H,1,,7/16/2014,Female,7,0,,,,
3F1,Mhc-GAL4/TM6C,31039/III,1,3F,1,,7/16/2014,Male,3,3,,,,
3F1,Mhc-GAL4/TM6C,31039/III,1,3F,1,,7/16/2014,Female,3,1,,,,
5CC1,"24B-GAL4/Tm3,sb",32371/III,1,5C,2,,7/16/2014,Male,9,6,,,,
5CC1,"24B-GAL4/Tm3,sb",32371/III,1,5C,2,,7/16/2014,Female,6,9,,,,
3FF2,Mhc-GAL4/TM6C,31039/III,2,3F,2,,7/16/2014,Male,15,10,,,,
3FF2,Mhc-GAL4/TM6C,31039/III,2,3F,2,,7/16/2014,Female,12,7,,,,
3G1,Mhc-GAL4/TM6C,"35144/Tm3,sb",1,3G,1,,7/16/2014,Male,8,,4,8,2,
3G1,Mhc-GAL4/TM6C,"35144/Tm3,sb",1,3G,1,,7/16/2014,Female,7,,3,5,4,
3H1,Mhc-GAL4/TM6C,31314/III,1,3H,1,,7/16/2014,Male,14,10,,,,
3H1,Mhc-GAL4/TM6C,31314/III,1,3H,1,,7/16/2014,Female,10,10,,,,
3GG1,Mhc-GAL4/TM6C,"35144/Tm3,sb",1,3G,2,,7/16/2014,Male,6,,5,8,5,
3GG1,Mhc-GAL4/TM6C,"35144/Tm3,sb",1,3G,2,,7/16/2014,Female,10,,5,5,3,
4CCCC1,Mef-GAL4,35137/III,1,4C,4,,7/16/2014,Male,0,0,,,,
4CCCC1,Mef-GAL4,35137/III,1,4C,4,,7/16/2014,Female,1,0,,,,
3F2,Mhc-GAL4/TM6C,31039/III,2,3F,1,,7/17/2014,Male,7,7,,,,
3F2,Mhc-GAL4/TM6C,31039/III,2,3F,1,,7/17/2014,Female,5,9,,,,
5CC2,"24B-GAL4/Tm3,sb",32371/III,2,5C,2,,7/17/2014,Male,1,6,,,,
5CC2,"24B-GAL4/Tm3,sb",32371/III,2,5C,2,,7/17/2014,Female,6,4,,,,
5BB1,"24B-GAL4/Tm3,sb",35137/III,1,5B,2,,7/17/2014,Male,1,12,,,,
5BB1,"24B-GAL4/Tm3,sb",35137/III,1,5B,2,,7/17/2014,Female,7,9,,,,
3FF1,Mhc-GAL4/TM6C,31039/III,1,3F,2,,7/17/2014,Male,12,7,,,,
3FF1,Mhc-GAL4/TM6C,31039/III,1,3F,2,,7/17/2014,Female,5,8,,,,
3FFF1,Mhc-GAL4/TM6C,31039/III,1,3F,3,,7/17/2014,Male,19,13,,,,
3FFF1,Mhc-GAL4/TM6C,31039/III,1,3F,3,,7/17/2014,Female,7,12,,,,
5C2,"24B-GAL4/Tm3,sb",32371/III,2,5C,1,,7/18/2014,Male,4,7,,,,
5C2,"24B-GAL4/Tm3,sb",32371/III,2,5C,1,,7/18/2014,Female,1,4,,,,
4HH2,Mef-GAL4,31529/III,2,4H,2,,7/18/2014,Male,8,0,,,,
4HH2,Mef-GAL4,31529/III,2,4H,2,,7/18/2014,Female,4,0,,,,
3F2,Mhc-GAL4/TM6C,31039/III,2,3F,1,,7/18/2014,Male,7,2,,,,
3F2,Mhc-GAL4/TM6C,31039/III,2,3F,1,,7/18/2014,Female,5,4,,,,
5BB2,"24B-GAL4/Tm3,sb",35137/III,2,5B,2,,7/18/2014,Male,0,5,,,,
5BB2,"24B-GAL4/Tm3,sb",35137/III,2,5B,2,,7/18/2014,Female,5,9,,,,
3FF2,Mhc-GAL4/TM6C,31039/III,2,3F,2,,7/18/2014,Male,14,10,,,,
3FF2,Mhc-GAL4/TM6C,31039/III,2,3F,2,,7/18/2014,Female,13,13,,,,
4HHH1,Mef-GAL4,31529/III,1,4H,3,,7/18/2014,Male,6,0,,,,
4HHH1,Mef-GAL4,31529/III,1,4H,3,,7/18/2014,Female,9,0,,,,
5BBB1,"24B-GAL4/Tm3,sb",35137/III,1,5B,3,,7/18/2014,Male,0,11,,,,
5BBB1,"24B-GAL4/Tm3,sb",35137/III,1,5B,3,,7/18/2014,Female,0,17,,,,
5C3,"24B-GAL4/Tm3,sb",32371/III,3,5C,1,,7/21/2014,Male,3,6,,,,
5C3,"24B-GAL4/Tm3,sb",32371/III,3,5C,1,,7/21/2014,Female,11,8,,,,
4HH3,Mef-GAL4,31529/III,3,4H,2,,7/21/2014,Male,8,0,,,,
4HH3,Mef-GAL4,31529/III,3,4H,2,,7/21/2014,Female,12,0,,,,
4H3,Mef-GAL4,31529/III,3,4H,1,,7/21/2014,Male,13,0,,,,
4H3,Mef-GAL4,31529/III,3,4H,1,,7/21/2014,Female,9,0,,,,
3F2,Mhc-GAL4/TM6C,31039/III,2,3F,1,,7/21/2014,Male,8,9,,,,
3F2,Mhc-GAL4/TM6C,31039/III,2,3F,1,,7/21/2014,Female,7,9,,,,
3F3,Mhc-GAL4/TM6C,31039/III,3,3F,1,,7/21/2014,Male,4,2,,,,
3F3,Mhc-GAL4/TM6C,31039/III,3,3F,1,,7/21/2014,Female,6,6,,,,
5CC3,"24B-GAL4/Tm3,sb",32371/III,3,5C,2,,7/21/2014,Male,10,9,,,,
5CC3,"24B-GAL4/Tm3,sb",32371/III,3,5C,2,,7/21/2014,Female,7,9,,,,
3G1,Mhc-GAL4/TM6C,"35144/Tm3,sb",1,3G,1,,7/21/2014,Male,7,,2,4,0,
3G1,Mhc-GAL4/TM6C,"35144/Tm3,sb",1,3G,1,,7/21/2014,Female,10,,6,7,1,
3G2,Mhc-GAL4/TM6C,"35144/Tm3,sb",2,3G,1,,7/21/2014,Male,9,,5,7,1,
3G2,Mhc-GAL4/TM6C,"35144/Tm3,sb",2,3G,1,,7/21/2014,Female,8,,13,7,0,
3FFF1,Mhc-GAL4/TM6C,31039/III,1,3F,3,,7/21/2014,Male,8,5,,,,
3FFF1,Mhc-GAL4/TM6C,31039/III,1,3F,3,,7/21/2014,Female,16,19,,,,
3FFF2,Mhc-GAL4/TM6C,31039/III,2,3F,3,,7/21/2014,Male,16,16,,,,
3FFF2,Mhc-GAL4/TM6C,31039/III,2,3F,3,,7/21/2014,Female,19,23,,,,
3H2,Mhc-GAL4/TM6C,31314/III,2,3H,1,,7/21/2014,Male,6,5,,,,
3H2,Mhc-GAL4/TM6C,31314/III,2,3H,1,,7/21/2014,Female,14,5,,,,
3GG2,Mhc-GAL4/TM6C,"35144/Tm3,sb",2,3G,2,,7/21/2014,Male,11,,10,10,2,
3GG2,Mhc-GAL4/TM6C,"35144/Tm3,sb",2,3G,2,,7/21/2014,Female,8,,12,12,3,
5BBB2,"24B-GAL4/Tm3,sb",35137/III,2,5B,3,,7/21/2014,Male,0,18,,,,
5BBB2,"24B-GAL4/Tm3,sb",35137/III,2,5B,3,,7/21/2014,Female,6,15,,,,
3HH1,Mhc-GAL4/TM6C,31314/III,1,3H,2,,7/21/2014,Male,18,24,,,,
3HH1,Mhc-GAL4/TM6C,31314/III,1,3H,2,,7/21/2014,Female,22,15,,,,
3HHH1,Mhc-GAL4/TM6C,31314/III,1,3H,3,,7/21/2014,Male,12,15,,,,
3HHH1,Mhc-GAL4/TM6C,31314/III,1,3H,3,,7/21/2014,Female,15,12,,,,
5CCC1,"24B-GAL4/Tm3,sb",32371/III,1,5C,3,,7/21/2014,Male,12,11,,,,
5CCC1,"24B-GAL4/Tm3,sb",32371/III,1,5C,3,,7/21/2014,Female,12,16,,,,
4HH2,Mef-GAL4,31529/III,2,4H,2,,7/22/2014,Male,2,0,,,,
4HH2,Mef-GAL4,31529/III,2,4H,2,,7/22/2014,Female,4,0,,,,
4H2,Mef-GAL4,31529/III,2,4H,1,,7/22/2014,Male,0,0,,,,
4H2,Mef-GAL4,31529/III,2,4H,1,,7/22/2014,Female,1,0,,,,
4HHH1,Mef-GAL4,31529/III,1,4H,3,,7/22/2014,Male,4,0,,,,
4HHH1,Mef-GAL4,31529/III,1,4H,3,,7/22/2014,Female,3,0,,,,
3H1,Mhc-GAL4/TM6C,31314/III,1,3H,1,,7/22/2014,Male,11,10,,,,
3H1,Mhc-GAL4/TM6C,31314/III,1,3H,1,,7/22/2014,Female,5,7,,,,
3H2,Mhc-GAL4/TM6C,31314/III,2,3H,1,,7/22/2014,Male,16,16,,,,
3H2,Mhc-GAL4/TM6C,31314/III,2,3H,1,,7/22/2014,Female,24,12,,,,
3GG1,Mhc-GAL4/TM6C,"35144/Tm3,sb",1,3G,2,,7/22/2014,Male,11,,7,13,11,
3GG1,Mhc-GAL4/TM6C,"35144/Tm3,sb",1,3G,2,,7/22/2014,Female,11,,8,7,8,
3GGG1,Mhc-GAL4/TM6C,"35144/Tm3,sb",1,3G,3,,7/22/2014,Male,3,,6,13,3,
3GGG1,Mhc-GAL4/TM6C,"35144/Tm3,sb",1,3G,3,,7/22/2014,Female,4,,2,8,3,
5B3,"24B-GAL4/Tm3,sb",35137/III,3,5B,1,,7/23/2014,Male,4,9,,,,
5B3,"24B-GAL4/Tm3,sb",35137/III,3,5B,1,,7/23/2014,Female,5,16,,,,
5B4,"24B-GAL4/Tm3,sb",35137/III,4,5B,1,,7/23/2014,Male,0,14,,,,
5B4,"24B-GAL4/Tm3,sb",35137/III,4,5B,1,,7/23/2014,Female,3,9,,,,
5BB2,"24B-GAL4/Tm3,sb",35137/III,2,5B,2,,7/23/2014,Male,2,7,,,,
5BB2,"24B-GAL4/Tm3,sb",35137/III,2,5B,2,,7/23/2014,Female,6,5,,,,
5BB3,"24B-GAL4/Tm3,sb",35137/III,3,5B,2,,7/23/2014,Male,0,9,,,,
5BB3,"24B-GAL4/Tm3,sb",35137/III,3,5B,2,,7/23/2014,Female,9,11,,,,
3G2,Mhc-GAL4/TM6C,"35144/Tm3,sb",2,3G,1,,7/23/2014,Male,9,,5,2,1,
3G2,Mhc-GAL4/TM6C,"35144/Tm3,sb",2,3G,1,,7/23/2014,Female,6,,1,4,1,
4HHH2,Mef-GAL4,31529/III,2,4H,3,,7/23/2014,Male,5,0,,,,
4HHH2,Mef-GAL4,31529/III,2,4H,3,,7/23/2014,Female,6,0,,,,
3GG2,Mhc-GAL4/TM6C,"35144/Tm3,sb",2,3G,2,,7/23/2014,Male,6,,1,2,13,
3GG2,Mhc-GAL4/TM6C,"35144/Tm3,sb",2,3G,2,,7/23/2014,Female,5,,5,4,3,
5BBB1,"24B-GAL4/Tm3,sb",35137/III,1,5B,3,,7/23/2014,Male,0,6,,,,
5BBB1,"24B-GAL4/Tm3,sb",35137/III,1,5B,3,,7/23/2014,Female,1,2,,,,
3HH1,Mhc-GAL4/TM6C,31314/III,1,3H,2,,7/23/2014,Male,8,3,,,,
3HH1,Mhc-GAL4/TM6C,31314/III,1,3H,2,,7/23/2014,Female,2,9,,,,
3H2,Mhc-GAL4/TM6C,31314/III,2,3H,1,,7/24/2014,Male,3,7,,,,
3H2,Mhc-GAL4/TM6C,31314/III,2,3H,1,,7/24/2014,Female,5,10,,,,
4F1,Mef-GAL4,"35144/Tm3,sb",1,4F,1,,7/24/2014,Male,3,11,,,,
4F1,Mef-GAL4,"35144/Tm3,sb",1,4F,1,,7/24/2014,Female,14,11,,,,
3GGG1,Mhc-GAL4/TM6C,"35144/Tm3,sb",1,3G,3,,7/25/2014,Male,4,,2,5,6,
3GGG1,Mhc-GAL4/TM6C,"35144/Tm3,sb",1,3G,3,,7/25/2014,Female,3,,3,4,3,
4F1,Mef-GAL4,"35144/Tm3,sb",1,4F,1,,7/25/2014,Male,12,7,,,,
4F1,Mef-GAL4,"35144/Tm3,sb",1,4F,1,,7/25/2014,Female,3,10,,,,
4CCCC2,Mef-GAL4,35137/III,2,4C,4,,7/28/2014,Male,1,0,,,,
4CCCC2,Mef-GAL4,35137/III,2,4C,4,,7/28/2014,Female,1,0,,,,
4H4,Mef-GAL4,31529/III,4,4H,1,,7/28/2014,Male,5,0,,,,
4H4,Mef-GAL4,31529/III,4,4H,1,,7/28/2014,Female,9,0,,,,
3G2,Mhc-GAL4/TM6C,"35144/Tm3,sb",2,3G,1,,7/28/2014,Male,7,,5,3,2,
3G2,Mhc-GAL4/TM6C,"35144/Tm3,sb",2,3G,1,,7/28/2014,Female,10,,3,4,1,
3G3,Mhc-GAL4/TM6C,"35144/Tm3,sb",3,3G,1,,7/28/2014,Male,7,,10,4,2,
3G3,Mhc-GAL4/TM6C,"35144/Tm3,sb",3,3G,1,,7/28/2014,Female,18,,8,7,3,
4HHH3,Mef-GAL4,31529/III,3,4H,3,,7/28/2014,Male,7,0,,,,
4HHH3,Mef-GAL4,31529/III,3,4H,3,,7/28/2014,Female,7,0,,,,
3GG3,Mhc-GAL4/TM6C,"35144/Tm3,sb",3,3G,2,,7/28/2014,Male,5,,15,7,6,
3GG3,Mhc-GAL4/TM6C,"35144/Tm3,sb",3,3G,2,,7/28/2014,Female,15,,6,12,6,
3HH1,Mhc-GAL4/TM6C,31314/III,1,3H,2,,7/28/2014,Male,4,4,,,,
3HH1,Mhc-GAL4/TM6C,31314/III,1,3H,2,,7/28/2014,Female,4,8,,,,
3HH2,Mhc-GAL4/TM6C,31314/III,2,3H,2,,7/28/2014,Male,18,17,,,,
3HH2,Mhc-GAL4/TM6C,31314/III,2,3H,2,,7/28/2014,Female,13,21,,,,
3HHH1,Mhc-GAL4/TM6C,31314/III,1,3H,3,,7/28/2014,Male,13,10,,,,
3HHH1,Mhc-GAL4/TM6C,31314/III,1,3H,3,,7/28/2014,Female,9,14,,,,
3HHH2,Mhc-GAL4/TM6C,31314/III,2,3H,3,,7/28/2014,Male,12,6,,,,
3HHH2,Mhc-GAL4/TM6C,31314/III,2,3H,3,,7/28/2014,Female,17,3,,,,
3GGG2,,"35144/Tm3,sb",2,3G,3,,7/28/2014,Male,9,,7,9,0,
3GGG2,Mhc-GAL4/TM6C,"35144/Tm3,sb",2,3G,3,,7/28/2014,Female,12,,9,6,2,
4F1,Mef-GAL4,"35144/Tm3,sb",1,4F,1,,7/28/2014,Male,6,18,,,,
4F1,Mef-GAL4,"35144/Tm3,sb",1,4F,1,,7/28/2014,Female,6,17,,,,
5B5,"24B-GAL4/Tm3,sb",35137/III,5,5B,1,,7/29/2014,Male,1,7,,,,
5B5,"24B-GAL4/Tm3,sb",35137/III,5,5B,1,,7/29/2014,Female,4,7,,,,
4HH3,Mef-GAL4,31529/III,3,4H,2,,7/29/2014,Male,3,0,,,,
4HH3,Mef-GAL4,31529/III,3,4H,2,,7/29/2014,Female,4,0,,,,
4H3,Mef-GAL4,31529/III,3,4H,1,,7/29/2014,Male,1,0,,,,
4H3,Mef-GAL4,31529/III,3,4H,1,,7/29/2014,Female,5,0,,,,
4HHH2,Mef-GAL4,31529/III,2,4H,3,,7/29/2014,Male,2,0,,,,
4HHH2,Mef-GAL4,31529/III,2,4H,3,,7/29/2014,Female,0,0,,,,
3H2,Mhc-GAL4/TM6C,31314/III,2,3H,1,,7/29/2014,Male,4,5,,,,
3H2,Mhc-GAL4/TM6C,31314/III,2,3H,1,,7/29/2014,Female,3,6,,,,
3GG2,Mhc-GAL4/TM6C,"35144/Tm3,sb",2,3G,2,,7/29/2014,Male,2,,3,6,4,
3GG2,Mhc-GAL4/TM6C,"35144/Tm3,sb",2,3G,2,,7/29/2014,Female,10,,3,6,7,
3HHH2,Mhc-GAL4/TM6C,31314/III,2,3H,3,,7/29/2014,Male,8,6,,,,
3HHH2,Mhc-GAL4/TM6C,31314/III,2,3H,3,,7/29/2014,Female,8,6,,,,
3GGG1,Mhc-GAL4/TM6C,"35144/Tm3,sb",1,3G,3,,7/29/2014,Male,5,,5,2,1,
3GGG1,Mhc-GAL4/TM6C,"35144/Tm3,sb",1,3G,3,,7/29/2014,Female,4,,1,3,2,
4CCCC2,Mef-GAL4,35137/III,2,4C,4,,7/30/2014,Male,2,0,,,,
4CCCC2,Mef-GAL4,35137/III,2,4C,4,,7/30/2014,Female,0,0,,,,
4F2,Mef-GAL4,"35144/Tm3,sb",2,4F,1,,7/30/2014,Male,8,9,,,,
4F2,Mef-GAL4,"35144/Tm3,sb",2,4F,1,,7/30/2014,Female,10,14,,,,
4F1,Mef-GAL4,"35144/Tm3,sb",1,4F,1,,7/31/2014,Male,0,12,,,,
4F1,Mef-GAL4,"35144/Tm3,sb",1,4F,1,,7/31/2014,Female,0,14,,,,
3GG3,Mhc-GAL4/TM6C,"35144/Tm3,sb",3,3G,2,,8/1/2014,Male,4,,3,7,8,
3GG3,Mhc-GAL4/TM6C,"35144/Tm3,sb",3,3G,2,,8/1/2014,Female,8,,2,4,5,
3GGG2,Mhc-GAL4/TM6C,"35144/Tm3,sb",2,3G,3,,8/1/2014,Male,5,,10,3,9,
3GGG2,Mhc-GAL4/TM6C,"35144/Tm3,sb",2,3G,3,,8/1/2014,Female,3,,6,4,10,
4F2,Mef-GAL4,"35144/Tm3,sb",2,4F,1,,8/1/2014,Male,12,13,,,,
4F2,Mef-GAL4,"35144/Tm3,sb",2,4F,1,,8/1/2014,Female,3,11,,,,
3G4,Mhc-GAL4/TM6C,"35144/Tm3,sb",4,3G,1,,8/4/2014,Male,11,,10,5,4,
3G4,Mhc-GAL4/TM6C,"35144/Tm3,sb",4,3G,1,,8/4/2014,Female,5,,9,9,5,
3GG4,Mhc-GAL4/TM6C,"35144/Tm3,sb",4,3G,2,,8/4/2014,Male,8,,4,4,5,
3GG4,Mhc-GAL4/TM6C,"35144/Tm3,sb",4,3G,2,,8/4/2014,Female,14,,7,13,5,
4F2,Mef-GAL4,"35144/Tm3,sb",2,4F,1,,8/4/2014,Male,5,8,,,,
4F2,Mef-GAL4,"35144/Tm3,sb",2,4F,1,,8/4/2014,Female,6,8,,,,
4FF1,Mef-GAL4,"35144/Tm3,sb",1,4F,2,,8/4/2014,Male,6,10,,,,
4FF1,Mef-GAL4,"35144/Tm3,sb",1,4F,2,,8/4/2014,Female,12,15,,,,
4FFF1,Mef-GAL4,"35144/Tm3,sb",1,4F,3,,8/4/2014,Male,3,5,,,,
4FFF1,Mef-GAL4,"35144/Tm3,sb",1,4F,3,,8/4/2014,Female,10,10,,,,
4HH4,Mef-GAL4,31529/III,4,4H,2,,8/5/2014,Male,1,0,,,,
4HH4,Mef-GAL4,31529/III,4,4H,2,,8/5/2014,Female,6,0,,,,
4H4,Mef-GAL4,31529/III,4,4H,1,,8/5/2014,Male,1,0,,,,
4H4,Mef-GAL4,31529/III,4,4H,1,,8/5/2014,Female,0,0,,,,
4HHH3,Mef-GAL4,31529/III,3,4H,3,,8/5/2014,Male,4,0,,,,
4HHH3,Mef-GAL4,31529/III,3,4H,3,,8/5/2014,Female,3,0,,,,
4F3,Mef-GAL4,"35144/Tm3,sb",3,4F,1,,8/6/2014,Male,10,8,,,,
4F3,Mef-GAL4,"35144/Tm3,sb",3,4F,1,,8/6/2014,Female,6,22,,,,
4FF1,Mef-GAL4,"35144/Tm3,sb",1,4F,2,,8/6/2014,Male,14,9,,,,
4FF1,Mef-GAL4,"35144/Tm3,sb",1,4F,2,,8/6/2014,Female,8,6,,,,
4FFF1,Mef-GAL4,"35144/Tm3,sb",1,4F,3,,8/6/2014,Male,11,17,,,,
4FFF1,Mef-GAL4,"35144/Tm3,sb",1,4F,3,,8/6/2014,Female,13,17,,,,
4F2,Mef-GAL4,"35144/Tm3,sb",2,4F,1,,8/7/2014,Male,2,6,,,,
4F2,Mef-GAL4,"35144/Tm3,sb",2,4F,1,,8/7/2014,Female,0,11,,,,
4F3,Mef-GAL4,"35144/Tm3,sb",3,4F,1,,8/8/2014,Male,9,11,,,,
4F3,Mef-GAL4,"35144/Tm3,sb",3,4F,1,,8/8/2014,Female,6,11,,,,
4FF1,Mef-GAL4,"35144/Tm3,sb",1,4F,2,,8/8/2014,Male,3,7,,,,
4FF1,Mef-GAL4,"35144/Tm3,sb",1,4F,2,,8/8/2014,Female,5,5,,,,
4FFF1,Mef-GAL4,"35144/Tm3,sb",1,4F,3,,8/8/2014,Male,5,10,,,,
4FFF1,Mef-GAL4,"35144/Tm3,sb",1,4F,3,,8/8/2014,Female,7,3,,,,